overlay_id,ram_address,ram_size,bss_size,static_init_start,static_init_end,file_id,flags,file_start,file_end,file_size
0,35545856,216448,4992,35745272,35745276,0,16906976,786432,916192,129760
1,35545856,148064,245792,35693072,35693076,1,16887696,916480,1026960,110480
2,35939712,58016,0,35997564,35997568,2,16820180,1027072,1070036,42964
3,35997728,22976,32,36020556,36020560,3,16793976,1070080,1086840,16760
4,35997728,15712,0,36013412,36013416,4,16789056,1086976,1098816,11840
5,35767296,14464,0,35781752,35781756,5,16787228,1099264,1109276,10012
6,35767296,1056,0,35768344,35768348,6,16777996,1109504,1110284,780
7,35768352,113312,0,35881532,35881536,7,16855776,1110528,1189088,78560
8,35768352,41248,0,35809592,35809596,8,16806580,1189376,1218740,29364
9,35768352,32,0,35768352,35768356,9,16777236,1219072,1219092,20
10,35768352,62560,0,35830888,35830892,10,16804872,1219584,1247240,27656
11,35545856,32,0,35545856,35545860,11,16777236,1247744,1247764,20
12,35881664,226176,0,36107788,36107796,12,16939764,1248256,1410804,162548
13,35767296,178816,33248,35939172,35939176,13,16887792,1411072,1521648,110576
14,35545856,80512,0,35626336,35626340,14,16828780,1521664,1573228,51564
15,35626368,33024,32,35659000,35659004,15,16800108,1573376,1596268,22892
16,35659424,1824,0,35661192,35661196,16,16778736,1596416,1597936,1520
17,35661248,9248,0,35670468,35670472,17,16783908,1597952,1604644,6692
18,35545856,90528,0,35636372,35636376,18,16836176,1605120,1664080,58960
19,36020736,2208,0,36022912,36022916,19,16779144,1664512,1666440,1928
20,36020736,992,0,36021720,36021724,20,16778092,1666560,1667436,876
21,36020736,352,0,36021068,36021072,21,16777544,1667584,1667912,328
22,36020736,704,0,36021436,36021440,22,16777660,1668096,1668540,444
23,36020736,1216,0,36021948,36021952,23,16778376,1668608,1669768,1160
24,36020736,1728,0,36022396,36022400,24,16778904,1670144,1671832,1688
25,36020736,1632,0,36022364,36022368,25,16778636,1672192,1673612,1420
26,36020736,1312,0,36022016,36022020,26,16778436,1673728,1674948,1220
27,36022464,13728,0,36036012,36036016,27,16787336,1675264,1685384,10120
28,36036192,5760,0,36041932,36041936,28,16782032,1685504,1690320,4816
29,36036192,3584,0,36039748,36039752,29,16780400,1690624,1693808,3184
30,36036192,1984,0,36038080,36038084,30,16778752,1694208,1695744,1536
31,36036192,6912,0,36042852,36042856,31,16782152,1695744,1700680,4936
32,36036192,3520,0,36039708,36039712,32,16780272,1700864,1703920,3056
33,36036192,1440,0,36037628,36037632,33,16778520,1703936,1705240,1304
34,36036192,4672,0,36040848,36040852,34,16781304,1705472,1709560,4088
35,36021952,64,0,36022012,36022016,35,0,1709568,1709632,64
36,35545856,864,0,35546688,35546692,36,16777996,1710080,1710860,780
37,35545856,9440,0,35555080,35555084,37,16784612,1711104,1718500,7396
38,35767296,42528,4160,35805732,35805736,38,16803340,1718784,1744908,26124
39,35813984,15136,2912,35828748,35828752,39,16788124,1745408,1756316,10908
40,35832032,108576,0,35940112,35940116,40,16852076,1756672,1831532,74860
41,35940608,25088,0,35965688,35965692,41,16797780,1831936,1852500,20564
42,35813984,11904,0,35825880,35825884,42,16785992,1852928,1861704,8776
43,35825888,21248,0,35846872,35846876,43,16793048,1862144,1877976,15832
44,35825888,51648,32,35876956,35876960,44,16811184,1878016,1911984,33968
45,35825888,186592,4160,36001820,36001824,45,16885276,1912320,2020380,108060
46,36016640,3648,0,36020268,36020272,46,16780100,2020864,2023748,2884
47,36016640,6080,0,36022664,36022668,47,16782204,2023936,2028924,4988
48,36016640,11648,0,36028276,36028280,48,16786760,2029056,2038600,9544
49,36016640,73984,0,36090616,36090620,49,16832200,2038784,2093768,54984
50,35545856,448,0,35546284,35546288,50,16777644,2094080,2094508,428
51,35546304,9760,0,35556012,35556016,51,16784864,2094592,2102240,7648
52,35556064,5664,0,35561664,35561668,52,16781760,2102272,2106816,4544
53,35545856,12192,0,35558024,35558028,53,16786728,2106880,2116392,9512
54,35545856,5984,0,35551828,35551832,54,16781640,2116608,2121032,4424
55,35545856,800,0,35546644,35546648,55,16778000,2121216,2122000,784
56,35546656,4864,0,35551500,35551504,56,16781144,2122240,2126168,3928
57,35881664,18048,0,35899688,35899696,57,16791104,2126336,2140224,13888
58,35881664,1152,0,35882812,35882816,58,16778280,2140672,2141736,1064
59,35882816,20064,0,35902824,35902828,59,16792168,2142208,2157160,14952
60,35545856,24352,0,35570168,35570172,60,16793996,2157568,2174348,16780
61,35545856,7104,0,35552956,35552960,61,16783172,2174464,2180420,5956
62,35545856,4064,32,35549916,35549920,62,16780312,2180608,2183704,3096
63,35768352,17856,32,35786156,35786160,63,16789444,2184192,2196420,12228
64,35545856,7040,0,35552888,35552892,64,16782084,2196480,2201348,4868
65,35768352,17280,0,35785616,35785620,65,16790312,2201600,2214696,13096
66,35545856,32,0,35545856,35545860,66,16777236,2214912,2214932,20
67,35545856,6208,0,35552056,35552060,67,16782048,2215424,2220256,4832
68,35545856,10240,0,35556068,35556072,68,16784636,2220544,2227964,7420
69,35545856,7904,0,35553744,35553748,69,16783672,2228224,2234680,6456
70,35881664,61440,352,35941208,35941212,70,16820000,2234880,2277664,42784
71,35943456,22240,160,35965636,35965640,71,16793372,2277888,2294044,16156
72,35881664,16192,288,35897000,35897004,72,16788912,2294272,2305968,11696
73,35545856,20544,32,35566008,35566012,73,16792492,2306048,2321324,15276
74,35813984,90144,6528,35898792,35898796,74,16844676,2321408,2388868,67460
75,35943456,12928,32,35956164,35956168,75,16786268,2388992,2398044,9052
76,35545856,11808,0,35557636,35557640,76,16784840,2398208,2405832,7624
77,35545856,32,0,35545856,35545860,77,16777236,2405888,2405908,20
78,35545856,4160,0,35549980,35549984,78,16780448,2406400,2409632,3232
79,35825888,32,0,35825888,35825892,79,16777236,2409984,2410004,20
80,35825888,81504,32,35907092,35907096,80,16838764,2410496,2472044,61548
81,35907424,23296,0,35930704,35930708,81,16793600,2472448,2488832,16384
82,35907424,8640,0,35916056,35916060,82,16784200,2488832,2495816,6984
83,35907424,43264,0,35950680,35950684,83,16808764,2496000,2527548,31548
84,35907424,7360,32,35914756,35914760,84,16783036,2527744,2533564,5820
85,35545856,20928,0,35566688,35566692,85,16793548,2533888,2550220,16332
86,35545856,10752,0,35556600,35556604,86,16784816,2550272,2557872,7600
87,35545856,11232,0,35557040,35557044,87,16785784,2557952,2566520,8568
88,36016640,4736,0,36021324,36021328,88,16781332,2566656,2570772,4116
89,36016640,20096,0,36036708,36036712,89,16791308,2571264,2585356,14092
90,36016640,15680,0,36032312,36032316,90,16789892,2585600,2598276,12676
91,36032320,25216,64,36057524,36057528,91,16796444,2598400,2617628,19228
92,36032320,31776,0,36063752,36063756,92,16799284,2617856,2639924,22068
93,36032320,27648,0,36059956,36059960,93,16798900,2640384,2662068,21684
94,35545856,1056,0,35546904,35546908,94,16778204,2662400,2663388,988
95,35545856,8128,0,35553972,35553976,95,16783184,2663424,2669392,5968
96,35545856,230304,2336,35775464,35775468,96,16961676,2669568,2854028,184460
97,35778496,6080,0,35784568,35784572,97,16781940,2854400,2859124,4724
98,35778496,3264,0,35781744,35781748,98,16780064,2859520,2862368,2848
99,35545856,19712,0,35565476,35565480,99,16790908,2862592,2876284,13692
100,35545856,7744,0,35553556,35553560,100,16783200,2876416,2882400,5984
101,35553600,80832,0,35634364,35634368,101,16831184,2882560,2936528,53968
102,35553600,20992,0,35574584,35574588,102,16792996,2936832,2952612,15780
103,35574592,10048,0,35584608,35584612,103,16784660,2952704,2960148,7444
104,35545856,2080,0,35547720,35547724,104,16779016,2960384,2962184,1800
105,35545856,1472,0,35547260,35547264,105,16778548,2962432,2963764,1332
106,35545856,11584,0,35557428,35557432,106,16783044,2963968,2969796,5828
107,35545856,32,0,35545856,35545860,107,16777236,2970112,2970132,20
108,35545856,21600,0,35567436,35567440,108,16793884,2970624,2987292,16668
109,35545856,8768,0,35554596,35554600,109,16783668,2987520,2993972,6452
110,35545856,5920,0,35551732,35551736,110,16781924,2994176,2998884,4708
111,35545856,5216,0,35551024,35551028,111,16781476,2999296,3003556,4260
112,35545856,106688,704,35651284,35651288,112,16838096,3003904,3064784,60880
113,35545856,5248,0,35551088,35551092,113,16781268,3064832,3068884,4052
114,36043104,1248,0,36044344,36044348,114,16778280,3068928,3069992,1064
115,36043104,5344,0,36048432,36048436,115,16781056,3070464,3074304,3840
116,36043104,1120,0,36044204,36044208,116,16778072,3074560,3075416,856
117,36043104,2976,0,36046068,36046072,117,16779712,3075584,3078080,2496
118,36043104,672,0,36043752,36043756,118,16777796,3078144,3078724,580
119,36043104,5920,0,36049004,36049008,119,16781268,3079168,3083220,4052
120,36043104,4928,0,36048004,36048008,120,16780956,3083264,3087004,3740
121,35545856,6304,0,35552148,35552152,121,16782240,3087360,3092384,5024
122,35545856,17088,0,35562884,35562888,122,16789496,3092480,3104760,12280
123,36043104,7136,32,36050204,36050228,123,16781180,3104768,3108732,3964
124,36050272,352,0,36050608,36050612,124,0,3108864,3109216,352
125,36050272,32,0,36050272,36050276,125,16777236,3109376,3109396,20
126,36050272,32,0,36050272,36050276,126,16777236,3109888,3109908,20
127,36050272,32,0,36050272,36050276,127,16777236,3110400,3110420,20
128,36050272,32,0,36050272,36050276,128,16777236,3110912,3110932,20
