file_id,path,offset,end,size,sha256,extension,format,signature_hex
0,__unmapped__/file_00000,786432,916192,129760,20e45958f7232db3e87e3d5cf455db2a4281503731410bd149dad092a3abb9fd,,,f88d1d906f480de90384141c00932114
1,__unmapped__/file_00001,916480,1026960,110480,fa28e1fa5b9361c3b0624a0034f3026ee403bbddeeb3e79dae6d49a92d30fa4b,,,351880a06838f6a1fd3af6006df924f6
2,__unmapped__/file_00002,1027072,1070036,42964,9aead71b84ef07a527db55b461b481daf0cccb2ef299699d74be5634b7c1de42,,,2d020b00dcf865770a4cf6476902c965
3,__unmapped__/file_00003,1070080,1086840,16760,24b8e85116e89d685e6ec78c34709bbdf57211d22081324203a48e84b1894508,,,3d1829bd8a73ffd317254aeb45cbf5fb
4,__unmapped__/file_00004,1086976,1098816,11840,6581403a61f8e67d43f0cd4bdd895db865c83ceb2545b19d3e60584de58cd240,,,78b589b0056d03d5c300fdc320a882fc
5,__unmapped__/file_00005,1099264,1109276,10012,2a8b7b55a977835e5f2232db275953625f265d4cfd046ca033a194e2ce0c8c57,,,3819081548164100644422eaf5e0fe03
6,__unmapped__/file_00006,1109504,1110284,780,90d92645e2868c0ac185bfddd54a6a7dc0e874c2fa34802aeaf0e97211c3c6a9,,,0021c943884203d08100024840587047
7,__unmapped__/file_00007,1110528,1189088,78560,721939ae2b78a70be4b3f1d902829b69e7625d4fe477d90f92b4ecdf82bfdf92,,,0f30002903d10504d348bf08670b8d71
8,__unmapped__/file_00008,1189376,1218740,29364,d10692fd32a71949f02baee8d3fa7387e5c62ec0c8e488521e7b594358e79fee,,,a51368b30c01d98406741625481649eb
9,__unmapped__/file_00009,1219072,1219092,20,07d1d94d7d3269a1155925f01090a020e40387e8e8998fc3b4a1a3c633ca4d46,,,05500990033000000000001e14000008
10,__unmapped__/file_00010,1219584,1247240,27656,d46de8af9c9a71461e3f1a512bd07ce93671010050f574e6115505458bd52d95,,,f8b582b0061cd52001920d1c80001a1c
11,__unmapped__/file_00011,1247744,1247764,20,07d1d94d7d3269a1155925f01090a020e40387e8e8998fc3b4a1a3c633ca4d46,,,05500990033000000000001e14000008
12,__unmapped__/file_00012,1248256,1410804,162548,3fd784967d68e57e0ca35e3abd84a43cea5a88e0d6cf3dba0bdedefff0671d7b,,,78b589b00c1c061ccef5d4ff2168051c
13,__unmapped__/file_00013,1411072,1521648,110576,0b4d5e6f5698355d100765f503eb18035ae0fb636e7d24a7764d12323903db9e,,,f8b5002500907f2401262f1c281c211c
14,__unmapped__/file_00014,1521664,1573228,51564,c3b329737efd5345e48fe28637dabb0524ac617b2a88dc8cb058e060b99caab5,,,38b50122051c03200921120434f6ccfa
15,__unmapped__/file_00015,1573376,1596268,22892,3b283a03b068d7aaed9e168f25a1886dcfebca65e7c1188cd2dd86e66d78ff59,,Nintendo RLE,30b583b0051c0020011c20f683f920f6
16,__unmapped__/file_00016,1596416,1597936,1520,1140cf3be5cb79cbad9ab2d60e7ac01d39396113f66799979e9a59b7f47fc54a,,,f8b582b0071c00f0cbf90090381cc021
17,__unmapped__/file_00017,1597952,1604644,6692,77518c054bf801efa38f0ad5345aec10f031d5cd00b1f2091024312672742988,,,08b50020011c17f665fd17f669fd20f6
18,__unmapped__/file_00018,1605120,1664080,58960,45c81673aa0a9a7b8ee7a835503bb841c858d594b199e387e6af3d070773a48f,,,450500c0401c70474301474df09a4d20
19,__unmapped__/file_00019,1664512,1666440,1928,3915ddb6658e659d0e469cd737737be987f550b4cb0c5a7680bd5ba16fd08645,,,38b57621051c0b208900c0f50bfc7622
20,__unmapped__/file_00020,1666560,1667436,876,b835dc0a5af7211a04d831c3acbaffc21c568ccff60069f1cbe636ca89f895ad,,,f0b583b000210a1c051c14f613fa0004
21,__unmapped__/file_00021,1667584,1667912,328,195ddc831993bf5dc1dc87232d73a756156f38190f87603098fd9987f95dc9e0,,,f8b59f7057ffc75090f6f900240b4f00
22,__unmapped__/file_00022,1668096,1668540,444,2c12070bf27d1c2e3e3ffe4da4f83166e1bcd8ddc1b380ca6ed6ef4b8d273d22,,,f8b5051caa68511ca9601478e5f55611
23,__unmapped__/file_00023,1668608,1669768,1160,ad46ad69a2f77af436df2d774917edb60393c9a52761289f48408bc10dbf7681,,,78b5c1b00e1c051c0d2e01d3cbf56cf9
24,__unmapped__/file_00024,1670144,1671832,1688,245d86ce7e68375069d54ab0c7140081a927b22a3fd83536671356f67de570a8,,,70b5051c0e1c0320c021c0f50bfc0021
25,__unmapped__/file_00025,1672192,1673612,1420,9d3defc034e2235d00ad591b50c3ac7477e09c7e0c3adef704ae9c9043161694,,,f0b5e1b0051ce8680c1cd8f5fdfb021c
26,__unmapped__/file_00026,1673728,1674948,1220,5dbe66864b4d7a09c9d3c02c586c586a7ec648ce7fe6910747ec9a934858f1d7,,,38b5051c080f0013b300ff2c0114db00
27,__unmapped__/file_00027,1675264,1685384,10120,4eceecab85044afe9ed8308ee3031aa273c51b00b177b42feccf71c21cc2bf52,,,f0b585b0151c061c0491794a03200821
28,__unmapped__/file_00028,1685504,1690320,4816,51bf189ada89a2f60e8322d768160d0299c438faac6ec01145494f1d0173b589,,,f0b583b0051c0f1c032000920821c203
29,__unmapped__/file_00029,1690624,1693808,3184,8f26f89cdc90f2e1bdee6ce24e4f7e5cdeb31efa6eb59a8ef34274f175985070,,,f8b582b000900e1c0320171c0821c203
30,__unmapped__/file_00030,1694208,1695744,1536,688e5c86d256af32c336d5a6bc017eab85698fe73603c0972688098eb5ef814a,,,f8b5051c0f1c032000920821c203bcf5
31,__unmapped__/file_00031,1695744,1700680,4936,d46e2bac98c40f28090d8eec9dfbee57884527dbb464ce546f895b8b32f30d20,,,f8b582b0061c0f1c032000920821c203
32,__unmapped__/file_00032,1700864,1703920,3056,98294b2c7412a9d08ce8fcc370daae05cf1593ee0d8c2096ff04a0ca5b5ec2be,,,f8b582b0061c0091032001920821c203
33,__unmapped__/file_00033,1703936,1705240,1304,24fe823b2ed29abdfc5b2bac63c6b24ceffce7e980cdbe96509b6ab482f41c2c,,,f8b582b0061c0091032001920821c203
34,__unmapped__/file_00034,1705472,1709560,4088,76678698384a6885cd56b95885679ab9fef6316be1618fbd5a29012826085d3a,,,38b584411c6940dbc10d81fe0021045d
35,__unmapped__/file_00035,1709568,1709632,64,5de8a51eb1ba992659ea3dfd4ec5455ac3eb98d6e95b6c3dbdbb049788c7e54a,,,08b5052916d849187944c98809040914
36,__unmapped__/file_00036,1710080,1710860,780,fc3aae9041380da54f16bcc695cc6146f114aa2963a4b7ff1fbb6ca3822b7be7,,,4590cdfa2900fe1140a44500abff8145
37,__unmapped__/file_00037,1711104,1718500,7396,a2cb1fe7cb27fa19e3ef47dd5f5ce3fc118d152ada867a238bd732ce4bd26585,,,f0790c0d1c29106806770c03d02712a0
38,__unmapped__/file_00038,1718784,1744908,26124,87a28409232b74a15d8c53a4553acf2ea157a4867aab33155779b404303ff5b3,,,01040143014801607047c046206a2202
39,__unmapped__/file_00039,1745408,1756316,10908,aa19fcf04e46911d7cd76d537e451b3b6f49c84045c037b12f05977d796953e8,,,4101c10a081c2183027746f843115c43
40,__unmapped__/file_00040,1756672,1831532,74860,2fe15ad54d2dc69173a0fcbfb7f8493823970e6bffe6b4082cd2943a9458355f,,,38b58aad038d33d3ff30edf5d7fff6f5
41,__unmapped__/file_00041,1831936,1852500,20564,70f0c5fe0077258ea3254ebab84b1e387fdbf3ce26aa350c7e3aba208a67603d,,,f8b50f1c050900087b0ba08bf8ee0004
42,__unmapped__/file_00042,1852928,1861704,8776,a505e09a76b43f2f290804ac627ff59b6c097b065b18a756ca8d3aedadda257b,,,f8b50d1c1e1c041c2549301c0092f2f5
43,__unmapped__/file_00043,1862144,1877976,15832,b9476a8b1eb8b3a6eb1806cda4101abff89c87a056d3cdf254968dcaf5d3e8fc,,,c9112f480213076efb07112203203321
44,__unmapped__/file_00044,1878016,1911984,33968,c04cea90d555725d9720a42ec71d765664a63e1151a42d106993121ee5200c1f,,,08854225f6ecfd0204211b223cf698f8
45,__unmapped__/file_00045,1912320,2020380,108060,791dccc441423e1732395392e6972c2f8d82d72ee33e9fad957fc35222278770,,,38b5041c20480221dcf56efb67f6d6f9
46,__unmapped__/file_00046,2020864,2023748,2884,4e99000e650642f2a2ad83eed81c0e8c5511586ab3e53622a6543c4aedd875a0,,,b13404b1644bfb40490a20b104aef51a
47,__unmapped__/file_00047,2023936,2028924,4988,2b5488bdccc3286683b375e6ae84b492fadb53d3f3834769b303d148490ef15b,,,78b581b0041caef535f80522051c0320
48,__unmapped__/file_00048,2029056,2038600,9544,78425c0bf48e0e5187793997c1652380f4f02563f17e2ea85abb2661a729cf19,,,384d2faef535f8080522750220702112
49,__unmapped__/file_00049,2038784,2093768,54984,310e63cca1854169f953a69e674c08acbe22be0c30a20aea616622a5469b742c,,,0023c25e12030a600222805e00038860
50,__unmapped__/file_00050,2094080,2094508,428,d552d7198411adb580b8e7f7087d30566d32f647dea40bfd3e8e93d943fcf322,,,a520680020280ad020f6b5dd000640d0
51,__unmapped__/file_00051,2094592,2102240,7648,2f885e588213ecadde459a535e62130cc9a143746756ac2ae79290cf8f389c69,,,f0cd02051c0530e3fd5f34f149fd3cf6
52,__unmapped__/file_00052,2102272,2106816,4544,e2f7f65f3e744b504e6a75b87e9f895fb75a68fde67e51fc216fbc9651694901,,,f0010d0d401c296806870103d00d0c90
53,__unmapped__/file_00053,2106880,2116392,9512,e996b8acea32e2ab27ef1ee10463c696e497eb5291cf51dcde999d440dba760d,,,38b582b00122051c03205021920434f6
54,__unmapped__/file_00054,2116608,2121032,4424,b0aa55d93478ceff144d86541994cc4037930ca26a066842977df838e69ec2bb,,,38b5041c20f6b6ff051c032026210204
55,__unmapped__/file_00055,2121216,2122000,784,48b33844247a57161d8b3752052c8699f713c160d2dd79eb49bb5695e276f36e,,Nintendo LZ10,1021108068591120f6b5cf0006d02220
56,__unmapped__/file_00056,2122240,2126168,3928,aed180fa0a6d8c241989d666312810bb6e9e17481dfd978497736491119238c7,,,38b50222051c03202921120434f63cf9
57,__unmapped__/file_00057,2126336,2140224,13888,60c0e1025c6ffef398143e8b499f64261d2d91be9257677f751723013e58889c,,,08b50405207ffe0348020421cef57bfe
58,__unmapped__/file_00058,2140672,2141736,1064,aedce33d430f2d2b09c0b6aa9e6296356b6f1367104f0d50961b0fa5a6c75326,,,d512206800280ad002cef5d5ff002806
59,__unmapped__/file_00059,2142208,2157160,14952,53394a8db5571028986a820d3cb49f014e9bb9cd4f849ec77e28af55adfb958a,,,70b50d1c2968061c002902d0012921d0
60,__unmapped__/file_00060,2157568,2174348,16780,ec1ed5e409f56de1a96b54f00245d1bfecde516389bf6f4e8d93a9cb13d1aba9,,Nintendo LZ10,10b52c49c706206503fc29284947143c
61,__unmapped__/file_00061,2174464,2180420,5956,e7b717663bef1535ce6ac44a0c71beaac3211cf0e89a6f8cc6f31d6407e71509,,,38b584b00122051c03202e21920434f6
62,__unmapped__/file_00062,2180608,2183704,3096,6b3c526190556b95dd3bbefefc36357b4d9712828be2eba94922b442fbd40db0,,Nintendo LZ10,10b5041c03206221020434f6cdfa4f21
63,__unmapped__/file_00063,2184192,2196420,12228,122bd10042fad3a9f3e9b55bfd1b4f78f4d61f00fb0faeaa55afd826a90f8782,,,38b5e51801d10d34fcfd14f538fc0310
64,__unmapped__/file_00064,2196480,2201348,4868,06c52e1636585247f7eea0e677a2cfd0d4e318aadd1fa9796193c18855001105,,,38b5051c0020011c33f6c4fe33f6c8fe
65,__unmapped__/file_00065,2201600,2214696,13096,6a719dadcebd77ff573246dbf9e0ef4255c63e23af6f0f5a6f82cfa8d53de53c,,,78b583b0061c0020011cfdf533fcfdf5
66,__unmapped__/file_00066,2214912,2214932,20,07d1d94d7d3269a1155925f01090a020e40387e8e8998fc3b4a1a3c633ca4d46,,,05500990033000000000001e14000008
67,__unmapped__/file_00067,2215424,2220256,4832,4bcdc14e89079bd9515e1426f149bede802a1d07726fb3a0f66f1db6ea8c6fbb,,,38b5041c20f6b6ff0222051c03204821
68,__unmapped__/file_00068,2220544,2227964,7420,2c1213d710b88d717c1c83946af378e5ba9c9b04c7e700d59d8eae32314b62fc,,,38b50922051c03204221920334f6ccfa
69,__unmapped__/file_00069,2228224,2234680,6456,0c181dbe178c492f2b7a6e6cab5eb5c9e72c5d1c861809b95a0a7e82815dd18d,,,38b50e0530c4feb937d24cfe3cf684fc
70,__unmapped__/file_00070,2234880,2277664,42784,4d3a0f288aaa1cef8bc12e1ce5febf142bb0d4bfc536f5935387b959037b042e,,,18b4054b01241c6000245c609860d960
71,__unmapped__/file_00071,2277888,2294044,16156,951a397b5a99601bdee18f3c4ca799eb501ee49ab580ed1023853b22b24032dd,,Nintendo RLE,30b5850903c8f52065dd0100d1cde003
72,__unmapped__/file_00072,2294272,2305968,11696,6675415f31e7f8e76b3e5f7b27e3f91a2eecf0f7d5e3fd74f4e1025a30398d8c,,,18b4054b01241c6000245c609860d960
73,__unmapped__/file_00073,2306048,2321324,15276,e4eb88fae306ca98c1c1c464092bd2af688914c5d10ff2dc481bb2d906a6dcd4,,,f0b583b00d1c2968071c002903d00129
74,__unmapped__/file_00074,2321408,2388868,67460,db1f4f1f853e7a4296f212137e4e0e4d2e3d0442d18105376be94cf0562ffa4a,,Nintendo LZ10,10b50b49041f010a48203f01bb020022
75,__unmapped__/file_00075,2388992,2398044,9052,cba3d9d1d46d4e793c3617f68beaaaee49ea228bb4713f2629e9d55f088e272f,,,38b50a22051c032073219203d3f53cfa
76,__unmapped__/file_00076,2398208,2405832,7624,adafd39d747b7a25d3a9d1a34e811d7d39d8990f57e22c448481cc403488b9a2,,,70b584b00d1c2968061c002905d00129
77,__unmapped__/file_00077,2405888,2405908,20,07d1d94d7d3269a1155925f01090a020e40387e8e8998fc3b4a1a3c633ca4d46,,,05500990033000000000001e14000008
78,__unmapped__/file_00078,2406400,2409632,3232,f78e00820891951e248007d8b86e5c3ca6cdf9bf0375be7f13b06faedf7cfaff,,,f8b50222051c03205221120434f6ccfa
79,__unmapped__/file_00079,2409984,2410004,20,07d1d94d7d3269a1155925f01090a020e40387e8e8998fc3b4a1a3c633ca4d46,,,05500990033000000000001e14000008
80,__unmapped__/file_00080,2410496,2472044,61548,ffea7414b8dc9fbe678a9351b5ba50352a78737cd9ab6ade12b06c37528dadab,,,3d1a0b1c10d7041a750b0251fe611a0b
81,__unmapped__/file_00081,2472448,2488832,16384,5088790e9ab7809e8b37777830eaf858044acfac84bc8ace139b77c8cd86f07a,,,70b582b0051c0e1c49480221c8f52cfc
82,__unmapped__/file_00082,2488832,2495816,6984,bd98d9f1d8c91c08711e44fe2ded28d42092ee6ff2206a6e4bd897ecaa19392a,,,7011020e1c2d48020421c8550c00f01f
83,__unmapped__/file_00083,2496000,2527548,31548,7c36cb386d4b9802062eb5d422185e7bade9f12653f5bb1f94471f1e7018b393,,,38b5041c36480221c8f52efc01f02cfa
84,__unmapped__/file_00084,2527744,2533564,5820,80e0a350d3fadd525d007be13d9700ba4ff9668118d866b08185355a1e610b3c,,,70b5041c0e1c51480221c8f52dfc00f0
85,__unmapped__/file_00085,2533888,2550220,16332,111213639731e58a50ca7c235ac816be82c296df2bb5c7a1bf32d0880efaeadf,,,f02d052f11b52f01691f53f61e1bfc69
86,__unmapped__/file_00086,2550272,2557872,7600,1eff0ae9a8069ac7209349ae0d18a9193046536bf92c3196d0124dc639005661,,,70b5450180200e1c0510c31342d1fe28
87,__unmapped__/file_00087,2557952,2566520,8568,4d93107b58febac33b197d4e41b84c8191303095b0473ae75afed7e3826947c7,,,f51b0f8d00a0cdff122203d30f920320
88,__unmapped__/file_00088,2566656,2570772,4116,ba089b6ace9f0aa50fdda0660f4f4c9b9995e89771dd95f133bb55be9225698b,,Nintendo RLE,30b583b0041caef535f80522051c0320
89,__unmapped__/file_00089,2571264,2585356,14092,63fd88e9c156f8fe6b92e64d2ffd42688f087a480b23f2ab7ae6b2cfd9a69aca,,Nintendo RLE,30b583b0041c0020011cc0f543ffc0f5
90,__unmapped__/file_00090,2585600,2598276,12676,c975991445796218563e81976ddc86a1430c49d9ae4088712c98b2712139caea,,,f0b583b0061c009101920293321c1021
91,__unmapped__/file_00091,2598400,2617628,19228,43cb59f97f2bb2df681804750fe3409bdac53350c73e0988a6b9a808d6cd2e5d,,,38b5041caaf596f9051c03206a214204
92,__unmapped__/file_00092,2617856,2639924,22068,c27d5d7e0dfef65bcd0e29f05bd21b248a0e0524999c8f4d44a9656f8eb7a480,,Nintendo LZ10,10b5116850681c1c6161a061c2f5c0fe
93,__unmapped__/file_00093,2640384,2662068,21684,96aad22e536ed185049dd6bf15ed300e1fb8367d5be1765995caa1cb4e6e1a49,,,387d219633000311034204bd15f5aafc
94,__unmapped__/file_00094,2662400,2663388,988,a03443e18c0f7cfb99c866fad8d1ad7969561b2882cd50914be02ea5d3136f7e,,Nintendo LZ10,10b5041c322080012058002801d03ff6
95,__unmapped__/file_00095,2663424,2669392,5968,ace711ea2d6a771077a2a82d08cf546d32ee6ce1fac876f44df47316089b893f,,,08b53cf68dfc3cf6bffc012292061168
96,__unmapped__/file_00096,2669568,2854028,184460,8ae51ae482f8f18eca2e0957e071c3f5c82bfa2417e8e5765364f69b24a865f8,,,78b585b07222051c03205c21120334f6
97,__unmapped__/file_00097,2854400,2859124,4724,c9b39af6cc718901df42aa6f8387d8c27b94a63413366eec8d47ed1cd0b63927,,,08b500f08b2341083703491ad030b583
98,__unmapped__/file_00098,2859520,2862368,2848,808c26c86d3ee3d98c7ee9e760bde1fe640cc8292aacda9d3e6fc06df21f6794,,,0d508ffa606810f9808741f900fd1005
99,__unmapped__/file_00099,2862592,2876284,13692,167054fa3290c2daf65be7b75fb23ed1d2e1637b9f22550aff9b0c41cb22c506,,,793e803a790e209108791eb0ff791e9a
100,__unmapped__/file_00100,2876416,2882400,5984,c5797ec1d61b04b920ec965ce278ce4815ecb735381d0abfd217fa5d04e7f839,,,c168016105498a6c0549114203d00021
101,__unmapped__/file_00101,2882560,2936528,53968,56a1fea458be7665e23b7beb121c70f5bc5f73dfbb3a94dd99e481a959d20188,,,38b5041c1ff696f8051c114802211ef6
102,__unmapped__/file_00102,2936832,2952612,15780,453f93b854290bf5c598a77dd5130140bc5766b06dbed9a1cc1e8e125184418d,,,4155b304d001291c0cd02fe000213e20
103,__unmapped__/file_00103,2952704,2960148,7444,06bfaa03cb90dab3666327dce1d11af99da734372cd8c6ae8714e0eb9360a429,,,38b50122051c03209c2112042df6acfa
104,__unmapped__/file_00104,2960384,2962184,1800,2f4fdcad97eccba0b892b47caf5dc54b092351c4d94802ae50a3906fbf018328,,Nintendo LZ11,11123122051c03c30382120334f6cbfa
105,__unmapped__/file_00105,2962432,2963764,1332,828a9c8aec4e4a557da511055ab4f0305fd0c16e0b080a06218a8357d59ad562,,,f0b583b03122051c03209721120334f6
106,__unmapped__/file_00106,2963968,2969796,5828,f14e73fa5f5fb00541caff4db095c95e80eebabf7f462cef8a8ac1a91136f77e,,,f904111f2b0bc4fe331cf6c8fe0310a9
107,__unmapped__/file_00107,2970112,2970132,20,07d1d94d7d3269a1155925f01090a020e40387e8e8998fc3b4a1a3c633ca4d46,,,05500990033000000000001e14000008
108,__unmapped__/file_00108,2970624,2987292,16668,e2c4b451ad606e460a9a8c6ad495f6749286d9fd33735839ec899a5a4030c081,,,383d191101052230051c03205f211204
109,__unmapped__/file_00109,2987520,2993972,6452,bbcb9e8d22ed19a14fc23dae2802101017428175655e58f370be225e54c1fa70,,,70b50d1c2968061c002902d0012921d0
110,__unmapped__/file_00110,2994176,2998884,4708,89787010fa99922004ded28a53cc9d1e15ac6c7ff58bc89c130641a124132776,,,70b50d930a061ccf319026d02d950087
111,__unmapped__/file_00111,2999296,3003556,4260,8767e5f235ae5bfca9ebdb325dc27a679b02b2a70e9f5d281963c50e6f6e5351,,,185d20631004630008fb03ac17d01fe0
112,__unmapped__/file_00112,3003904,3064784,60880,b8b4449be779d7bc52ca510799ef894fabb64f502038be24d9bf37e1135a4972,,,78b40225002600290cd90122331c0478
113,__unmapped__/file_00113,3064832,3068884,4052,5bec27053c6c8689eb95a1121ef80752d5a1aaddd066d1a518bbf3ef7127d191,,,70b50d0b0c061c6b322148d028810071
114,__unmapped__/file_00114,3068928,3069992,1064,bb61d0f39d78e3a030bd6efe5dc6537a7e175c6683419d875d8c7273255ebae7,,,f0b591b00c1c061c2068e568072800d9
115,__unmapped__/file_00115,3070464,3074304,3840,de849d7c59daef5cecaea7b7bb48fead94683ec24c7c05b788822814ae7dd5b0,,,f0b585b0051c00262e802c1c0a9f0291
116,__unmapped__/file_00116,3074560,3075416,856,bd92be30e5101e2753249dc7b11e9b7905a429dd7d2486067ae7afcf1e158507,,,38b5823100051c201089051078fd0169
117,__unmapped__/file_00117,3075584,3078080,2496,d22a313631a69030cd9c981b0d66f82139476a84f8d47101052e7051105d714d,,,f0b593b00590081c00680691cc680728
118,__unmapped__/file_00118,3078144,3078724,580,394027515092abc8b9b65aabf1582f8e9cd940411c40ed7efb690e8f67a0f9be,,,78b585b00c1c061c2068e568082800d9
119,__unmapped__/file_00119,3079168,3083220,4052,670ce601c73ea5bc46c8a0c4aff77fc55316a9559b8377c2812f2489be83584a,,,f8b5984da695e157b3cc0024e600f200
120,__unmapped__/file_00120,3083264,3087004,3740,7941c8403369862d907927a90afec2b8fcdce5d9cb42c41262a764922094b147,,Nintendo LZ10,10b534a10d805e0b0f3422dd1060ecdd
121,__unmapped__/file_00121,3087360,3092384,5024,649bd5d3c397326f4082e87fb0ae2aff4ac5a85b185c4166ce7ef3553f471b35,,,08b500f0f36d0408bddd0dc90c2064f6
122,__unmapped__/file_00122,3092480,3104760,12280,2e6d278d9364ef974e33d36ed9413efb8ad1955df28b49341e63b966662db3b0,,,70b584dd01a87120b57160a825036806
123,__unmapped__/file_00123,3104768,3108732,3964,0b630b2ee619df3712f9e844a6d79bb1e4fd6824d5de2497a6ecd929db0316c7,,,b570b5f0c0b5f0b5f0b5f0b5f0b5f06d
124,__unmapped__/file_00124,3108864,3109216,352,2fe3deb1b7ecab2c8fd01ec8f2a47850314a249442224983123db663004200b3,,,f8b5354f061c0d1c0020391c334c77f6
125,__unmapped__/file_00125,3109376,3109396,20,07d1d94d7d3269a1155925f01090a020e40387e8e8998fc3b4a1a3c633ca4d46,,,05500990033000000000001e14000008
126,__unmapped__/file_00126,3109888,3109908,20,07d1d94d7d3269a1155925f01090a020e40387e8e8998fc3b4a1a3c633ca4d46,,,05500990033000000000001e14000008
127,__unmapped__/file_00127,3110400,3110420,20,07d1d94d7d3269a1155925f01090a020e40387e8e8998fc3b4a1a3c633ca4d46,,,05500990033000000000001e14000008
128,__unmapped__/file_00128,3110912,3110932,20,07d1d94d7d3269a1155925f01090a020e40387e8e8998fc3b4a1a3c633ca4d46,,,05500990033000000000001e14000008
129,/a/0/0/0,18805760,18812176,6416,dfd0bd6f4d6e909790512fc9f5e0cbc70db282948ca622bcf13914866b7e2532,,NARC archive,4e415243feff00011019000010000300
130,/a/0/0/1,18812416,18866320,53904,4bdd8f93da7831add2db84671be9cc4c5d3ab2f981c391f3f84ad4b451cc08aa,,NARC archive,4e415243feff000190d2000010000300
131,/a/0/0/2,18866688,18893156,26468,6e533889d97eee45db41affe61ceec2e05d7e8dac54126adefbb65eb1f664197,,NARC archive,4e415243feff00016467000010000300
132,/a/0/0/3,18893312,18896660,3348,ce5c612e32e537da3cdf7808c3f21ab217e83a75ead56027d98a7d84bb1b55d6,,NARC archive,4e415243feff0001140d000010000300
133,/a/0/0/4,18896896,30675572,11778676,e8ae001c0a342e947494b6a0f49a95cdb13f6016b83821a4865edc36ff064ac2,,NARC archive,4e415243feff000174bab30010000300
134,/a/0/0/5,30675968,30699076,23108,d70a472fa68f89294c606f875233d9b234eb0a463d3c09eb8b1c4c85ae382b3d,,NARC archive,4e415243feff0001445a000010000300
135,/a/0/0/6,30699520,31223444,523924,52f8fecd7da9cf81ab0218a049c0d9a1f3c670ee246390a2b3854fa6aa79d7fc,,NARC archive,4e415243feff000194fe070010000300
136,/a/0/0/7,31223808,32021516,797708,ad5e72e1124bc8c8ec267064f42287223c1b6d309055f5634774a8c8e4a925f4,,NARC archive,4e415243feff00010c2c0c0010000300
137,/a/0/0/8,32022016,32143584,121568,6a2479d442419ad1c181e14420649abd1e4253ec361d7d91ca36fb843cea15b6,,NARC archive,4e415243feff0001e0da010010000300
138,/a/0/0/9,32143872,32159156,15284,fb753b66099f9e9077613f86ff1c1d8e4ccbf701d6d0fa6ad580cf46a9e65082,,NARC archive,4e415243feff0001b43b000010000300
139,/a/0/1/0,32159232,32414864,255632,4a69ebb45bd7bc67d2342acb24d62a7a388f5792f1448426f3860e9fd89516f8,,NARC archive,4e415243feff000190e6030010000300
140,/a/0/1/1,32415232,32426588,11356,654d7edd0b0be66f6189ee87026dd701a2b8d98afa19a3991c8417803c50faea,,NARC archive,4e415243feff00015c2c000010000300
141,/a/0/1/2,32427008,32799020,372012,bab429408b962c513d3e3ba89f67d8d74d6824563cd30fc317d473edacd05d18,,NARC archive,4e415243feff00012cad050010000300
142,/a/0/1/3,32799232,32805980,6748,89e84ab4475c85ad4358761c89c69c16f51c024041d2081a1da6ad1ad51b7cba,,NARC archive,4e415243feff00015c1a000010000300
143,/a/0/1/4,32806400,32831396,24996,f8cb6ab93fc08f5394425f050cbf9c71b92d65f64ca1e30d8414a69948771a4e,,NARC archive,4e415243feff0001a461000010000300
144,/a/0/1/5,32831488,33105864,274376,b48c6ff7cf784b4cca74a920b90bb6cc67087464b11cb437abcf14528b291ca3,,NARC archive,4e415243feff0001c82f040010000300
145,/a/0/1/6,33105920,34307428,1201508,58638e5171d526c59595ecd229b9be6fd3e0a8462688b1ced8dacae85ab0a56f,,NARC archive,4e415243feff00016455120010000300
146,/a/0/1/7,34307584,34330252,22668,577631590698709a75a7142da8a037e1641b8c41ac4cf9dd481de3f3d4e3a29c,,NARC archive,4e415243feff00018c58000010000300
147,/a/0/1/8,34330624,34779080,448456,abaa10233234c73bff7568be751482083d64b2b4e195b266e4b3db0c8b8b5704,,NARC archive,4e415243feff0001c8d7060010000300
148,/a/0/1/9,34779136,34859732,80596,f7a1a97638959a685719049a0b780686edb68704777fead790b230e10ed1df4a,,NARC archive,4e415243feff0001d43a010010000300
149,/a/0/2/0,34860032,35449688,589656,ffc35362fa9e0880fa8023a89c34a94adbc78f06aa28ae966ff4028ad3d6b7e0,,NARC archive,4e415243feff000158ff080010000300
150,/a/0/2/1,35449856,35501256,51400,55abbdd5668b0bb4cffdfcb51d4c75f2ffcb612141aa4c86fea256cce62e34be,,NARC archive,4e415243feff0001c8c8000010000300
151,/a/0/2/2,35501568,35534644,33076,e6902f8f1eb1b63f9d3f23caf2e6eee4f981f6773a118324d8fff6a9559e5d68,,NARC archive,4e415243feff00013481000010000300
152,/a/0/2/3,35534848,35539328,4480,31f3222bb317406d558a130bcfbff12cf49f76e05dd9f89cda8ef4e319a4a4d2,,NARC archive,4e415243feff00018011000010000300
153,/a/0/2/4,35539456,35544828,5372,3dc3990ebb7ea6f86bdde80204b82a79427cae3c09d55b11a0c3c7e4aa2392e8,,NARC archive,4e415243feff0001fc14000010000300
154,/a/0/2/5,35545088,35549776,4688,0e47c9b5f7c24199bd56d0576f276dabbf4c1d8aa68922caa3ac4ec2699d0865,,NARC archive,4e415243feff00015012000010000300
155,/a/0/2/6,35550208,35805744,255536,b9e5fdc4781e07ff904efb3605eec2b94824c8ef8e4f04f7d9745612efeded99,,NARC archive,4e415243feff000130e6030010000300
156,/a/0/2/7,35806208,38807476,3001268,0c7ebaa0dc09164a5a012d773bb2d26a732137d9dd2c02b4ec50bf9610505224,,NARC archive,4e415243feff0001b4cb2d0010000300
157,/a/0/2/8,38807552,38849076,41524,f02b453a55678f112c31b7a78b794d132b25212641a767f83f3cf42017cd704d,,NARC archive,4e415243feff000134a2000010000300
158,/a/0/2/9,38849536,41273088,2423552,e54dfd9750e32d09e00242c145894e8fb5ae7e80266b546a2902c12b6e7caf93,,NARC archive,4e415243feff000100fb240010000300
159,/a/0/3/0,41273344,41290284,16940,5ea512d19a6f075c48227ddb13aba43e3cb7af6c6cc69695e694d59a787e1d7c,,NARC archive,4e415243feff00012c42000010000300
160,/a/0/3/1,41290752,41306980,16228,4306b052f2301dde0675e298ceeb9e823df5db9541ab5cce82abaa8adf1ec42d,,NARC archive,4e415243feff0001643f000010000300
161,/a/0/3/2,41307136,41443920,136784,70815852d040ed7831830fbec2f9e9282371ff6cf544260b900b9dcd6049c020,,NARC archive,4e415243feff00015016020010000300
162,/a/0/3/3,41444352,41463548,19196,7310844ac52a8d47f6cdca31e867435ef4755778a2d35b0173a23f196e4eef5d,,NARC archive,4e415243feff0001fc4a000010000300
163,/a/0/3/4,41463808,41490276,26468,fe6e4ec493a393cac0ed89c22f7ffe00e4174fbc79025dd714188ae07b37862d,,NARC archive,4e415243feff00016467000010000300
164,/a/0/3/5,41490432,41491876,1444,5ccff2254dbf1fe7df12be151d74de7b5a6c6d44c49d3a3fc0cee77419ed1fb7,,NARC archive,4e415243feff0001a405000010000300
165,/a/0/3/6,41491968,41536908,44940,7045d7e261b9a1674664a2e4d39f2096fb2f7fe451141bde9f505d27309db4e6,,NARC archive,4e415243feff00018caf000010000300
166,/a/0/3/7,41537024,41566044,29020,abf7f3444322813649e15c61601ffd669acab9b218b9fbcc7cfab80b7c63edce,,NARC archive,4e415243feff00015c71000010000300
167,/a/0/3/8,41566208,41601580,35372,f3eb794fe2ea3cd436ec7b3582c8b3df7340d11961c9c3a9d7e357e230289a88,,NARC archive,4e415243feff00012c8a000010000300
168,/a/0/3/9,41602048,41729200,127152,e83530ff8e24ad7cdc88f1f46f3ce7573695e9e63dfbc5e87f39cee72c227b92,,NARC archive,4e415243feff0001b0f0010010000300
169,/a/0/4/0,41729536,44126840,2397304,c750b0cd588c9dd42dfcae5a334f2eb504c5bdc943a9f529c4479020863bee9a,,NARC archive,4e415243feff00017894240010000300
170,/a/0/4/1,44127232,44139268,12036,c7254a9e18d40b18e5acd0fe77d1a0e0519b021af05f7a5211b354158db5abdd,,NARC archive,4e415243feff0001042f000010000300
171,/a/0/4/2,44139520,44141268,1748,991506d5626fee587e4bf27042ae7b2945e167b89d6ec9f2d834d29e7476d58f,,NARC archive,4e415243feff0001d406000010000300
172,/a/0/4/3,44141568,44146004,4436,2fc8901dada240a9b4f8040a697d0eead1e33e61ec9f3c80a61cbc191f60c4c9,,NARC archive,4e415243feff00015411000010000300
173,/a/0/4/4,44146176,45979924,1833748,d46dbea1b3acd0d117e616458a84aad88e2727b1c4a9f3cd662dd1a26814a853,,NARC archive,4e415243feff000114fb1b0010000300
174,/a/0/4/5,45980160,45999976,19816,7b5ddd52efc8daeb79eb517c71f72c2f6da461a4723eb80cc72ef7ea065d2ffb,,NARC archive,4e415243feff0001684d000010000300
175,/a/0/4/6,46000128,46793072,792944,505cc3bbcc71eaf095b81549d4647b499710efb5310a66f7ee211ac812254041,,NARC archive,4e415243feff000170190c0010000300
176,/a/0/4/7,46793216,46793368,152,37b8ad1d1d5d049e78bc972f2d36e94f780382de9cef6706b5c660c9bdc876e1,,NARC archive,4e415243feff00019800000010000300
177,/a/0/4/8,46793728,46915500,121772,41fd698d83b7f883100b7cd2d2796486ac6fd2293da4736e1fda7bbaee571fc3,,NARC archive,4e415243feff0001acdb010010000300
178,/a/0/4/9,46915584,47251048,335464,8b35b7f5305552151919ecd3ba9bd5a130b0d9fd21dd9319243d5b630de2b281,,NARC archive,4e415243feff0001681e050010000300
179,/a/0/5/0,47251456,47267544,16088,4f48a58a7eaedfe8274d27bc35ca478f9d66e677a8fe766f3fd8ceaaf6642236,,NARC archive,4e415243feff0001d83e000010000300
180,/a/0/5/1,47267840,47451760,183920,3ab6376e7659e4ece20cc00e39e7359b6d062d349f665404f61d8f3debbaafdb,,NARC archive,4e415243feff000170ce020010000300
181,/a/0/5/2,47452160,47463644,11484,d031d0a7095813d323307464003b70d2577dc3d67c7c5bfc7bc6c4b244999009,,NARC archive,4e415243feff0001dc2c000010000300
182,/a/0/5/3,47463936,47596956,133020,6aef71920a64161cb0879222c36a89a2b6a2be34db605b8ad68766c2b5f2c68d,,NARC archive,4e415243feff00019c07020010000300
183,/a/0/5/4,47597056,47624636,27580,a7f697f95321dcfb2e9c8f155daa0b032932c42215a627e0e2397cd455c61d20,,NARC archive,4e415243feff0001bc6b000010000300
184,/a/0/5/5,47624704,47645420,20716,bbcba2a8ee01a917021eafbe39580894d883ac1299e37349266c8c8c448f5273,,NARC archive,4e415243feff0001ec50000010000300
185,/a/0/5/6,47645696,47672112,26416,c2cbe71ba7b736e5f7e9a49b02c9e2067cda840fd894cc7b982e8b2f6218fda3,,NARC archive,4e415243feff00013067000010000300
186,/a/0/5/7,47672320,47679248,6928,a6060adfc0cddddb3992d2295e1873be8ebd291b16af6ec48edd309e58890588,,NARC archive,4e415243feff0001101b000010000300
187,/a/0/5/8,47679488,49343396,1663908,468cbb561e7299725c9cc96d3c5e1304c925c678d92c58dfa6a8db1498247f64,,NARC archive,4e415243feff0001a463190010000300
188,/a/0/5/9,49343488,49377896,34408,cad28a81067812dca0e93add138e7147fcb7644321a5b94f74f945388a3b15d7,,NARC archive,4e415243feff00016886000010000300
189,/a/0/6/0,49378304,49425120,46816,9fa37a846ea33f087d2c8d19c3c3cbad38885cb78b830e1dad2a4ccb57e0ad48,,NARC archive,4e415243feff0001e0b6000010000300
190,/a/0/6/1,49425408,49437720,12312,190a0947c75ac6f1db52bebc21679ed3fb0fbbd10ff87a2f8c4d82bc6147a3e8,,NARC archive,4e415243feff00011830000010000300
191,/a/0/6/2,49438208,49461888,23680,cd49b51638dcf62c8f98725b613496d430b88ceab8c890d152f615548c69fb89,,NARC archive,4e415243feff0001805c000010000300
192,/a/0/6/3,49462272,49525928,63656,a52f8b2f311a1397a1a97a011d904f5ca28e6674239f16605515a5b5eeee59c3,,NARC archive,4e415243feff0001a8f8000010000300
193,/a/0/6/4,49526272,49545584,19312,63bbfa26edf4845d061ea5784b7b73186f73cb5e5f394ca57239a62905d3f776,,NARC archive,4e415243feff0001704b000010000300
194,/a/0/6/5,49545728,69082372,19536644,9ab4537b75fb8b9fa7a14433ded3ad018dde78f24c59db570cdcb21f2ca94026,,NARC archive,4e415243feff0001041b2a0110000300
195,/a/0/6/6,69082624,69083956,1332,671d1d33478a40e89f5d9811827649b880666321bf7dfe83b4c7be4fce69c97e,,NARC archive,4e415243feff00013405000010000300
196,/a/0/6/7,69084160,69157148,72988,2b059ba5c33a5416a02ce0c7aecc55a45568e899dc9a83f6b89262a36ed1e4cf,,NARC archive,4e415243feff00011c1d010010000300
197,/a/0/6/8,69157376,69214716,57340,4f093d2837f40987aebaadfa7ad96ca397fa9713a37d51b29d1846a01a6b2f81,,NARC archive,4e415243feff0001fcdf000010000300
198,/a/0/6/9,69214720,69273324,58604,181e87eb2bf79ba6e73124d1f694e801aa48844dcdd85e66c0bd2c707e8f8688,,NARC archive,4e415243feff0001ece4000010000300
199,/a/0/7/0,69273600,71043276,1769676,d8a23409f4329fa696c0871496f491e5281b2900cb61387d8ef9749701487969,,NARC archive,4e415243feff0001cc001b0010000300
200,/a/0/7/1,71043584,71117992,74408,2a23cdbe730f05d3f74ef59110a790ba61b1f5617140337424d1b1d50e68e549,,NARC archive,4e415243feff0001a822010010000300
201,/a/0/7/2,71118336,71137040,18704,ebe2fe347f29056b23d42495584633d555f31cb1623f42d30e446de9d3812b93,,NARC archive,4e415243feff00011049000010000300
202,/a/0/7/3,71137280,71141368,4088,bf71c57d77a328756876d6d34a4d6a7f7d23463f5c82d1b7ce479f79012c639c,,NARC archive,4e415243feff0001f80f000010000300
203,/a/0/7/4,71141376,71165476,24100,fae91f54ef537cbceadaf4389e2b587dcec8285536c9f62f3b9365d7139ee1e7,,NARC archive,4e415243feff0001245e000010000300
204,/a/0/7/5,71165952,71167128,1176,c3519e5842cf589dab8f350e617e7b23a228439fe91eeb0dc1ac714125c9c6af,,NARC archive,4e415243feff00019804000010000300
205,/a/0/7/6,71167488,71177764,10276,c4b15d32a8eb5fabc271a49764b59eaefd316b354a5c243d625c081bb5f86e5d,,NARC archive,4e415243feff00012428000010000300
206,/a/0/7/7,71178240,71200516,22276,2a4c699595ae39d19e7e93b096d975ee0e06673dcb8839a3205900e561c53f5a,,NARC archive,4e415243feff00010457000010000300
207,/a/0/7/8,71200768,71206180,5412,a81ac3264060405b30d9393f0dfc6bde237479fed739e124310e09991a5be4a1,,NARC archive,4e415243feff00012415000010000300
208,/a/0/7/9,71206400,71316272,109872,d77ac57e70e074e0081f2f59fbe16fd636d5e1276811f49964b15281facc9e4f,,NARC archive,4e415243feff000130ad010010000300
209,/a/0/8/0,71316480,71384020,67540,791a8fb2041aa97c92a7306d730238eeb46ca69efad785b244cb99be26a8cdf4,,NARC archive,4e415243feff0001d407010010000300
210,/a/0/8/1,71384064,76021432,4637368,77db7598d62b7ecc28e92cb78c2bd9562aca2c496b083eb8e19cd6f653de5ac9,,NARC archive,4e415243feff0001b8c2460010000300
211,/a/0/8/2,76021760,76198364,176604,c6e41af40dfca15e9fc385ac7b48098738e8fa84cc70269c93a268307153ba32,,NARC archive,4e415243feff0001dcb1020010000300
212,/a/0/8/3,76198400,76199268,868,1ca3e421c0ad0a380bc6ecb063aba373097af1f80e70113c87f245185b7bc437,,NARC archive,4e415243feff00016403000010000300
213,/a/0/8/4,76199424,76221156,21732,492c2de91fbe59ba1e52b7e32e743784cdee27377a1288eb24a0aa338664ba83,,NARC archive,4e415243feff0001e454000010000300
214,/a/0/8/5,76221440,76235176,13736,6a13d339d678f1f2add37ae2bf65dd0b525c65c714bfabf88b063b316453961b,,NARC archive,4e415243feff0001a835000010000300
215,/a/0/8/6,76235264,76249404,14140,7cf7c17d07b805fc4d6c65b7b23e6d25b0b94e87f5cf0d729c308ed2b1b9496f,,NARC archive,4e415243feff00013c37000010000300
216,/a/0/8/7,76249600,76281356,31756,2aee233e42afbee93eda44dd2b8ba1ca00ba97ebaad7598d1ac00104b609e572,,NARC archive,4e415243feff00010c7c000010000300
217,/a/0/8/8,76281856,76432820,150964,448fd2c485a3758b5cefe0ff9d17a389e46ae59cf3c789a865cd5d9874cd91b9,,NARC archive,4e415243feff0001b44d020010000300
218,/a/0/8/9,76432896,76464408,31512,84c5643070177367c342b8d5a18c679639b03c305b77933fb007a929e74f99cf,,NARC archive,4e415243feff0001187b000010000300
219,/a/0/9/0,76464640,76493140,28500,c64d810db8e1f78bc20968346450286abe79fab939f3a1b03c7e61deaf47c8bf,,NARC archive,4e415243feff0001546f000010000300
220,/a/0/9/1,76493312,76497596,4284,715e43301d7c451413292d0d99a47f38e5cdfeeed763ed855146e80b24a186b3,,NARC archive,4e415243feff0001bc10000010000300
221,/a/0/9/2,76497920,76498532,612,565877e4a06cb02b58f02a3f261735d34b1f4fc7c5801b0afb3a9e78c4860e82,,NARC archive,4e415243feff00016402000010000300
222,/a/0/9/3,76498944,76533256,34312,6297f2dfeda5bfcef7ffa690a05f003567da4b276117937ce3b17916e4db6b2a,,NARC archive,4e415243feff00010886000010000300
223,/a/0/9/4,76533760,77006380,472620,18d011c800914e0410979a16996dcdf6cca15ba384aa85d9973a769ab6def94e,,NARC archive,4e415243feff00012c36070010000300
224,/a/0/9/5,77006848,77372108,365260,cba8a41efa66e1fbbc2ae26fea1d7c8d6954ffdf37acad15ad1508a5b91f5645,,NARC archive,4e415243feff0001cc92050010000300
225,/a/0/9/6,77372416,77375432,3016,15b42228db722e499f072c1fac5f57aa71c388e9aaae1502af2fbcc0d13f8f78,,NARC archive,4e415243feff0001c80b000010000300
226,/a/0/9/7,77375488,77394840,19352,54c6e80a00d11dea429762cc33dd5f0e42cad35397b689c3ca2bfeced1813ad4,,NARC archive,4e415243feff0001984b000010000300
227,/a/0/9/8,77394944,77398216,3272,c08c82a413c2ff69e090eefff87778032b3392f43c61a3f433f7100e857500cf,,NARC archive,4e415243feff0001c80c000010000300
228,/a/0/9/9,77398528,77441016,42488,59e4065ab291cad68678145bf20b66985ba7fc827527b93b3523c648edd9e65a,,NARC archive,4e415243feff0001f8a5000010000300
229,/a/1/0/0,77441024,77494536,53512,9c0e0dcd06cbbe4ae9b5b8bfeb4eb3d1e87701fbb93679ed4934a5cea7f6107e,,NARC archive,4e415243feff000108d1000010000300
230,/a/1/0/1,77494784,77524812,30028,9b43833f93d42b46b4589017e696da5e2f341b56b174513fee6e094fb2b7a704,,NARC archive,4e415243feff00014c75000010000300
231,/a/1/0/2,77524992,77526820,1828,5a466b26b3595ff878992810881d77bda8661c2776e92036612e12fdc9026c8d,,NARC archive,4e415243feff00012407000010000300
232,/a/1/0/3,77527040,77672040,145000,45486a7c13c393fb8ad420c794a072903417a661f04c894422aa4d35a5d32061,,NARC archive,4e415243feff00016836020010000300
233,/a/1/0/4,77672448,77716864,44416,5cbb41987791f64482e604e3f72c9fdbde4bac2f5d3a57729f6f44481bf2bcb5,,NARC archive,4e415243feff000180ad000010000300
234,/a/1/0/5,77716992,77718040,1048,a8072ca83eccb60cc3d94b0c7be53807e9d39e0895bc82551fd168db54eea381,,NARC archive,4e415243feff00011804000010000300
235,/a/1/0/6,77718528,78052136,333608,9a810af992b4803d140aa1146355b777f2858ff68cdaf59790c218ebed137ca1,,NARC archive,4e415243feff00012817050010000300
236,/a/1/0/7,78052352,78063284,10932,83e4043329e56263be17a9bc8369266ae720713c861b91987883280b8571db5f,,NARC archive,4e415243feff0001b42a000010000300
237,/a/1/0/8,78063616,78070772,7156,899c71014d1cbe5aacdff14f1d4903a44ff2c0706592e40a28afcce07935005e,,NARC archive,4e415243feff0001f41b000010000300
238,/a/1/0/9,78070784,78478028,407244,1ab499820fdd211bb6381bafca29e3f15f5f0a170a94684f1083f4d97a136e26,,NARC archive,4e415243feff0001cc36060010000300
239,/a/1/1/0,78478336,78520924,42588,6d47ed7be3643c05056f67039f21c4df22f0f283f70184a7b3bbeb0334c8710d,,NARC archive,4e415243feff00015ca6000010000300
240,/a/1/1/1,78521344,78535236,13892,25af2f6e78a5a8eab609313a6e21b103604753686088ef4c51f212c89c109011,,NARC archive,4e415243feff00014436000010000300
241,/a/1/1/2,78535680,78536928,1248,f3f189c57d31e7d413b8601424c32aabe2c976fe7e9e63953a7c7297d20ac373,,NARC archive,4e415243feff0001e004000010000300
242,/a/1/1/3,78537216,78571476,34260,139290ec8439f75bb01ec279484dd30b73cd692cb3611dcff8d7780e773511d5,,NARC archive,4e415243feff0001d485000010000300
243,/a/1/1/4,78571520,79618988,1047468,032604ea022dd39504ea3548d78e3c2f74204649588aad48ef219b0c17bcfeb1,,NARC archive,4e415243feff0001acfb0f0010000300
244,/a/1/1/5,79619072,79630076,11004,c4fcc55205b9fbc52a00fad3451b6f8766e94bb05f90578ff7f66cc78ea8a134,,NARC archive,4e415243feff0001fc2a000010000300
245,/a/1/1/6,79630336,79640044,9708,97429870ad23f453d0d10aae69d899ddc9825b2ecd6fe06917563d9f54b4819a,,NARC archive,4e415243feff0001ec25000010000300
246,/a/1/1/7,79640064,79642036,1972,d8decbb53c30bd7e7e8553b8110482549634b02a985632f05d4c555727815030,,NARC archive,4e415243feff0001b407000010000300
247,/a/1/1/8,79642112,79647204,5092,7a342d81e8a51493d2f0cc6cf502578cd7d195113b1c17ddcdc3be68b9bba59f,,NARC archive,4e415243feff0001e413000010000300
248,/a/1/1/9,79647232,79656596,9364,4519249fa8c3c6da9c20579dde3a6447aaa77b05f5c33f8f92eff5cbdbd4a3b1,,NARC archive,4e415243feff00019424000010000300
249,/a/1/2/0,79656960,79785684,128724,ef15aad4439e4cec05c72437e335ea9aaff7af484029fc3c8343ef4c5c7c0afd,,NARC archive,4e415243feff0001d4f6010010000300
250,/a/1/2/1,79785984,79786880,896,6bf46c807745f991dae47e3633aeae516479c2e5d84acc10767fe0c9a9bafd55,,NARC archive,4e415243feff00018003000010000300
251,/a/1/2/2,79787008,80120476,333468,d43929d7e8f744422042e8db5575fa73586f694b47ee4ec00d89ae23a6b19f84,,NARC archive,4e415243feff00019c16050010000300
252,/a/1/2/3,80120832,80273012,152180,a529c990a715b9599316abf4049a14a23b4c18a019b69a41b2630fb921460ff6,,NARC archive,4e415243feff00017452020010000300
253,/a/1/2/4,80273408,80278728,5320,41edac6df8e779a1fa6dbab5e60856b931050533f461cd6765ee5cdb5bc43aae,,NARC archive,4e415243feff0001c814000010000300
254,/a/1/2/5,80279040,80282060,3020,78ed2c1252ca3d76324b60f2fedbb7f20bc84e3ac08f55f87aa1e7ac38173528,,NARC archive,4e415243feff0001cc0b000010000300
255,/a/1/2/6,80282112,80334132,52020,f56145ca8bbcd4041758e71a4878100f6716d155035732669827634bd8dd0412,,NARC archive,4e415243feff000134cb000010000300
256,/a/1/2/7,80334336,80429696,95360,e69d09b1ef76de416a7a6fc6316707fcc93a32a8fd55240ece2e47c3cba6ec13,,NARC archive,4e415243feff00018074010010000300
257,/a/1/2/8,80430080,80463808,33728,9d8e016906e413d77a3a30856764f7605c03b9c0d956601e6262a4918b0f0040,,NARC archive,4e415243feff0001c083000010000300
258,/a/1/2/9,80463872,80486748,22876,776d9ad316bd6a9d97f45ca6dc5405dbf2e3e96f75a36118619bcad4081bec6c,,NARC archive,4e415243feff00015c59000010000300
259,/a/1/3/0,80486912,80544224,57312,a2b72b17bdb24a6b7229a30244b06e718c3e923887912cd035bd4c30c1410b60,,NARC archive,4e415243feff0001e0df000010000300
260,/a/1/3/1,80544256,80545788,1532,9a81eb68a3ec7aa6a7ab9aef67711e376655493812893535248076fa4fbfee4e,,NARC archive,4e415243feff0001fc05000010000300
261,/a/1/3/2,80545792,80546348,556,a5984361e6e9167321a9b4f5ce444a3b628d36520e97e8d9c61c1477ff157969,,NARC archive,4e415243feff00012c02000010000300
262,/a/1/3/3,80546816,80606948,60132,5ad4ad4e239f15add726b12828e358a1f0abc1d6c22d8d924834b09b138a48c6,,NARC archive,4e415243feff0001e4ea000010000300
263,/a/1/3/4,80607232,80656944,49712,1cb880fc3da6a4577c86199b02dc58077dab8f315b98daae745d53555b129c80,,NARC archive,4e415243feff000130c2000010000300
264,/a/1/3/5,80657408,80657964,556,037338ffc4f027a249f506b8171dc872c875477158f019e4ea503d1ade6255ec,,NARC archive,4e415243feff00012c02000010000300
265,/a/1/3/6,80658432,80687452,29020,df95fe60b150ee1bb953695f4547d5e902c469571ca23618a4f7a85425b69b2d,,NARC archive,4e415243feff00015c71000010000300
266,/a/1/3/7,80687616,80688172,556,0e145a476fc5d98620d37f98322efbf812cf597d4b0675beaf87846d3a643885,,NARC archive,4e415243feff00012c02000010000300
267,/a/1/3/8,80688640,80689688,1048,370ebe8f4afad6bf7d4720f0e23177611209eabd08647c194c952340fd102381,,NARC archive,4e415243feff00011804000010000300
268,/a/1/3/9,80690176,80710428,20252,6da0ba816a39aa9dc1c110ab99d7ad7d60cbd495a23b7f4f6536fe356f146214,,NARC archive,4e415243feff00011c4f000010000300
269,/a/1/4/0,80710656,80726268,15612,7edd2453333d806330283d43f7ab38667f0e76c9e64586f46b18023b0c5dec26,,NARC archive,4e415243feff0001fc3c000010000300
270,/a/1/4/1,80726528,80733372,6844,893af3d58057928f38ce50d9e73d9a0c0dd4b6ead2d001ab076f2c20743c9ee3,,NARC archive,4e415243feff0001bc1a000010000300
271,/a/1/4/2,80733696,80852036,118340,eaf8e4be61fc7bad3f7c185e008b9c487c89d6dcba7db843d0802803a4f730f8,,NARC archive,4e415243feff000144ce010010000300
272,/a/1/4/3,80852480,80975856,123376,d663ab26c9c8e3f38ee8515dbac1899549959eff9c5e39254b3c1d388f935083,,NARC archive,4e415243feff0001f0e1010010000300
273,/a/1/4/4,80975872,81180668,204796,0422c7cd46c7dc32c68104de3f60ae6af4eb978be13023a67d0ed7fab787ce58,,NARC archive,4e415243feff0001fc1f030010000300
274,/a/1/4/5,81180672,81250776,70104,85cac6bfe0f0812c6ba816efa03d5b6776061280b28a6ad3c1404ee88ffb9b9d,,NARC archive,4e415243feff0001d811010010000300
275,/a/1/4/6,81250816,81479700,228884,7ec4b5410a750b9d14131c3bc129527376e1a9995d8876f49bab31a113987eae,,NARC archive,4e415243feff0001147e030010000300
276,/a/1/4/7,81480192,81556776,76584,9e35f06e82892fdc3728d3d1bd4dd4fb74dfe5c5882a1c4bb43b6aca1ca21722,,NARC archive,4e415243feff0001282b010010000300
277,/a/1/4/8,81556992,82983848,1426856,5b1bbc59de9751db0fd037e702c006ac7b0a21600b850a284551683a358fd466,,NARC archive,4e415243feff0001a8c5150010000300
278,/a/1/4/9,82983936,83035412,51476,e04b48e0d8c1442b3e2c97669e90022f8973f479810ead4d60d3d061f0216138,,NARC archive,4e415243feff000114c9000010000300
279,/a/1/5/0,83035648,84071800,1036152,2512f57933972cc666fc8316e6857456ce9dc0e1efedb9f55c81de5aefe782fc,,NARC archive,4e415243feff000178cf0f0010000300
280,/a/1/5/1,84071936,84080648,8712,a9cd0028a37357e6bb8f7db1f73cba4574a87a7835825c8aa39436c5bdf12a67,,NARC archive,4e415243feff00010822000010000300
281,/a/1/5/2,84081152,84082864,1712,9c03ae3c6fb8a9c05d404d882ebe36981eaa2abc88d0f117a53433a526b5a3f8,,NARC archive,4e415243feff0001b006000010000300
282,/a/1/5/3,84083200,84133864,50664,fa962e6d596f1f4637e5c29834aee4aa3b537ce9e2aaa1fe58215457b22e2936,,NARC archive,4e415243feff0001e8c5000010000300
283,/a/1/5/4,84133888,84235840,101952,ef61a8a717585fa50546fc3da3f07d683caf5ae68f5674d464e2a89b2322a87e,,NARC archive,4e415243feff0001408e010010000300
284,/a/1/5/5,84236288,84236352,64,82cfd9b2c3109a19ace018b6b9ef3ad20675e0f1b39e04938c2df56a857e2b87,,NARC archive,4e415243feff00014000000010000300
285,/a/1/5/6,84236800,84341312,104512,1c109e610b9e90094e10b80ff59cab4bbefd69d5f778851519ca40da02ebf3d3,,NARC archive,4e415243feff00014098010010000300
286,/a/1/5/7,84341760,84354612,12852,725e5546fa7786ebd75ea7bbbd0accdbb7c544eb5034b4294c66d339498b50ac,,NARC archive,4e415243feff00013432000010000300
287,/a/1/5/8,84355072,84367468,12396,b6b586a4c84d91470857cd033966d88654037bcc36d3c8c57b6790a5381cee7f,,NARC archive,4e415243feff00016c30000010000300
288,/a/1/5/9,84367872,84446160,78288,d895e6f8d299158a3c22f47a02dad41c5d3564ccf666f1d13b2754fe274087a8,,NARC archive,4e415243feff0001d031010010000300
289,/a/1/6/0,84446208,84511640,65432,6b3777593d93bb68bfd9a132cde60a6025216d7274846b1da91da2f403495a99,,NARC archive,4e415243feff000198ff000010000300
290,/a/1/6/1,84511744,84517560,5816,5bddde6a915c141260c67e5d679eac1e7f48431f160d6c0876b9a52b3ee2fcff,,NARC archive,4e415243feff0001b816000010000300
291,/a/1/6/2,84517888,84608804,90916,35de308a33a09a2b6f5781956c64a3fcaecd944b1adec6b6b54b1f5edaf9206e,,NARC archive,4e415243feff00012463010010000300
292,/a/1/6/3,84609024,84642412,33388,dc64e25d2e2b414d1abd058930e0762b9e17fe5d078e67279ef0149c625227c8,,NARC archive,4e415243feff00016c82000010000300
293,/a/1/6/4,84642816,84644224,1408,a4a2205be97741fc8b83e8c540f114c57d2129c4d5db38f33aa8500a57e74a46,,NARC archive,4e415243feff00018005000010000300
294,/a/1/6/5,84644352,84645440,1088,87813302dba9c2729ee2ccbf423bd8d936c0688cec4ce37895e5e7b67ac03332,,NARC archive,4e415243feff00014004000010000300
295,/a/1/6/6,84645888,84732952,87064,7688efc0419cd1f49fc02775b919fb3ef0d55ede9fda2c9011f870ca8e097919,,NARC archive,4e415243feff00011854010010000300
296,/a/1/6/7,84733440,84838532,105092,a589f4653aa41844d5d8c54eb7fa10402456568f481c1161bcd199f6e7ff8810,,NARC archive,4e415243feff0001849a010010000300
297,/a/1/6/8,84838912,84955216,116304,49880d57b8fd12fe0266822d7b107969b66f49192ae40ae91563c1299fa6201f,,NARC archive,4e415243feff000150c6010010000300
298,/a/1/6/9,84955648,84971212,15564,67577f85dc5829583bb22dd7a98913e5a6a84de626a5facad58cbe95fce49b5d,,NARC archive,4e415243feff0001cc3c000010000300
299,/a/1/7/0,84971520,84972892,1372,186a8f9d9466988f7081d2cd19afaa0de5905d7ca3f61e4283794c6ab5b88cb0,,NARC archive,4e415243feff00015c05000010000300
300,/a/1/7/1,84973056,85028500,55444,c94ee6a8794a7d38d3843bd5b8873a03d71f966f8817a52091895ec8443ede91,,NARC archive,4e415243feff000194d8000010000300
301,/a/1/7/2,85028864,85087928,59064,daa190d61c0bfbfb0d4a001903806e6b4dfe5f43f252ea2d19ab27484ebf778b,,NARC archive,4e415243feff0001b8e6000010000300
302,/a/1/7/3,85088256,85093240,4984,8af9f7525ff3741acdaf4f530a82fbd89a42f7290ea5b047bc3cf5af34aec33d,,NARC archive,4e415243feff00017813000010000300
303,/a/1/7/4,85093376,85611908,518532,6b56c5875f743d649df42192306d9cc9c6703cf9290d5bd528c1a2931dff7e1d,,NARC archive,4e415243feff000184e9070010000300
304,/a/1/7/5,85612032,85625124,13092,2460a60c0c12774315805069efa8c3f6fb4686b415cabca11ebfaea6d69737c0,,NARC archive,4e415243feff00012433000010000300
305,/a/1/7/6,85625344,85649724,24380,904fa5e53ef3dc1923d10aa2c1e37a57ac86fc6e76c2bcf5a7fa438aaceb8944,,NARC archive,4e415243feff00013c5f000010000300
306,/a/1/7/7,85649920,85697720,47800,f2ce525975c8af89cd318fb5220951b2eda5c95efd0d6dade34b25ab0efc7cd0,,NARC archive,4e415243feff0001b8ba000010000300
307,/a/1/7/8,85698048,85824780,126732,81c2dc532e5b8defd19c7bc317e7f991432903d6fb0f39315f9f7adc78d9cee1,,NARC archive,4e415243feff00010cef010010000300
308,/a/1/7/9,85825024,86666216,841192,7b5881a2e626dfeb8e2b6402461ca3e656f93ab7e0d9680e6640e7a00f768af1,,NARC archive,4e415243feff0001e8d50c0010000300
309,/a/1/8/0,86666240,86710268,44028,4f56f2f03365750f3605c8f50a0bf2df32f67cf2df5651ef3a704e41400f06da,,NARC archive,4e415243feff0001fcab000010000300
310,/a/1/8/1,86710272,86722016,11744,be2ede7ab87e66d4ac5f8d33cbdeffb8730123546a06e90150ec064fe1d9965d,,NARC archive,4e415243feff0001e02d000010000300
311,/a/1/8/2,86722048,86764848,42800,441763c4a5338f5f82f35f17eba7cdf5344eef3e20c3a17a01578f4cd28376dd,,NARC archive,4e415243feff000130a7000010000300
312,/a/1/8/3,86765056,87610048,844992,a7f46a8c80186350ea0dd21e91c18d62a317552ba988f7f64c6dc34d9e9526a9,,NARC archive,4e415243feff0001c0e40c0010000300
313,/a/1/8/4,87610368,87658776,48408,ca8ba730196e91bd4d2c4742f2f139bf7cc75bbc5e249e9cffd5143c829760df,,NARC archive,4e415243feff000118bd000010000300
314,/a/1/8/5,87659008,87662140,3132,f4e4742692bc6bc281907126d4fa5c4f16006b7a832dd75207cb52ba08fbdf5d,,NARC archive,4e415243feff00013c0c000010000300
315,/a/1/8/6,87662592,87753828,91236,de651e7bb614bae1eed2d03787129691f71bf4553af73a816b709dadc0a8f486,,NARC archive,4e415243feff00016464010010000300
316,/a/1/8/7,87754240,87945964,191724,8c3a803c0a2c3d5d5600c5d281df52dca9c39f3225ffac1e5430873cc4a439ba,,NARC archive,4e415243feff0001ecec020010000300
317,/a/1/8/8,87946240,88010264,64024,a4f9e4985c64b844909cfc2008cfcfc9f03fe5fc149e81fc3d49667a7db9285a,,NARC archive,4e415243feff000118fa000010000300
318,/a/1/8/9,88010752,88270448,259696,5e831412b0cf12ed24c44fc063542cea205b113cca341e3697586f32495098af,,NARC archive,4e415243feff000170f6030010000300
319,/a/1/9/0,88270848,88364116,93268,7afdf9b3a07bf56fb7f88dba385eff34b3df24c82e685400c39ab95a52acaad9,,NARC archive,4e415243feff0001546c010010000300
320,/a/1/9/1,88364544,89073360,708816,6d63b47a5155582d917cc0d56d25a8e28ae693568fbe299dc474a68235988688,,NARC archive,4e415243feff0001d0d00a0010000300
321,/a/1/9/2,89073664,89290276,216612,13e502908754b831ef43517d5b8762490756f50e764e15a6f22aaabf7264e4a0,,NARC archive,4e415243feff0001244e030010000300
322,/a/1/9/3,89290752,89548596,257844,eac58a191d8b5ae095cfa875614fd73a54f65b05cf38f0efa4b04a06535bfc9e,,NARC archive,4e415243feff000134ef030010000300
323,/a/1/9/4,102218752,102241860,23108,b44492aa09f74d2cf5f41ca13c2f7fc6d8238258c64ef49f2c23c1ac15dccec3,,NARC archive,4e415243feff0001445a000010000300
324,/a/1/9/5,102242304,102243988,1684,8dcef49c4815fdd7662b78ad140858fa23fba5971fae866cb6581f3cb0c8f6bd,,NARC archive,4e415243feff00019406000010000300
325,/a/1/9/6,102244352,102308772,64420,e942ae3022b4020b85e960e288efacbd54946fd52b0d7a93f01fc6cbafe811dd,,NARC archive,4e415243feff0001a4fb000010000300
326,/a/1/9/7,102308864,102334988,26124,435d7b385476242b11085ea19e0d2fad8cab411ce9a486b8cb30abf1088e41b7,,NARC archive,4e415243feff00010c66000010000300
327,/a/1/9/8,102335488,102437000,101512,999c13e7ec09c7f4a2aafa86ba2ccd562bae6fc75de264bca14a028f509c2819,,NARC archive,4e415243feff0001888c010010000300
328,/a/1/9/9,102437376,102740384,303008,128959a12885782631c1e47a9f96f1edb4480e944559f7d39f52c630b1dbefab,,NARC archive,4e415243feff0001a09f040010000300
329,/a/2/0/0,102740480,102757520,17040,5fefe70c66946659c32a8d48fcfa9fd8f1bed083f1bc5dd32b189c12b8eb85fc,,NARC archive,4e415243feff00019042000010000300
330,/a/2/0/1,102757888,103569920,812032,8422c63b78b94efdbb737babd50873c35892396de643ef46cfaa5d01e9356c15,,NARC archive,4e415243feff000100640c0010000300
331,/a/2/0/2,103569920,103607080,37160,69d17bcc62e4bb0f246bd6546d1299205413ff1e12bd9655b19f3735a21419b4,,NARC archive,4e415243feff00012891000010000300
332,/a/2/0/3,103607296,103630172,22876,db14c00f0c288755fff0d10728605d612aa64fa85ecde42eaff55de16662d9ec,,NARC archive,4e415243feff00015c59000010000300
333,/a/2/0/4,103630336,103641860,11524,756b1456bc7e219e4c9d13f79d61fd2e7c1911a360bd31a88ae7500f384c67b6,,NARC archive,4e415243feff0001042d000010000300
334,/a/2/0/5,103642112,103804780,162668,cbd1d1c05ffddc2492b7f113b066c87cd2a56d74bb31655e2f3e6d4887b41eb7,,NARC archive,4e415243feff00016c7b020010000300
335,/a/2/0/6,103804928,103810636,5708,2c8ec477064fc89884f0fb6689b19513514443f3256f0ebf3d88c9a0dbb15324,,NARC archive,4e415243feff00014c16000010000300
336,/a/2/0/7,103811072,104174508,363436,199e9668c71681416af4d065537d2117b7f71731e8d1554992897d6049be1a8e,,NARC archive,4e415243feff0001ac8b050010000300
337,/a/2/0/8,104174592,104210900,36308,8d717b0349d66aee622b03653e4ef3827ab3110ddf0c6927633c0d6d8e905953,,NARC archive,4e415243feff0001d48d000010000300
338,/a/2/0/9,104210944,104282404,71460,618fff4cf05edf5d66801b75162475897f91702d4e9a0b8137c61b5c3555c68f,,NARC archive,4e415243feff00012417010010000300
339,/a/2/1/0,104282624,104283044,420,1a5f793e0d663dcd8378ee1741b5c8f97fb2f718f2afdf1c008a35d9e68815d4,,NARC archive,4e415243feff0001a401000010000300
340,/a/2/1/1,104283136,104304728,21592,110f8f54bef229000d3cffdc00278bc5a72982f20a8a17f12e10db47595edad5,,NARC archive,4e415243feff00015854000010000300
341,/a/2/1/2,104305152,104306652,1500,d55be28133fd8a627ef6a95a151571bbc05a7c84230217a25094edf45b51ccdd,,NARC archive,4e415243feff0001dc05000010000300
342,/a/2/1/3,104306688,104322636,15948,9b253618cd7f5bd4e993eba4679b87988a4de2ed46f28a6a007e7aa381fb5e0f,,NARC archive,4e415243feff00014c3e000010000300
343,/a/2/1/4,104323072,104347176,24104,d1e0b98c44bee0319adca7291844db19274e81f91a3f1f85a3795b5e2acb613a,,NARC archive,4e415243feff0001285e000010000300
344,/a/2/1/5,104347648,104378688,31040,e6eb0f550f7a0e1a29e6b1b974ca54ea55a20c4c8c492bc9de167483e1428c77,,NARC archive,4e415243feff00014079000010000300
345,/a/2/1/6,104378880,104508680,129800,b8851291eb5e8dbe10f7a2a1ff1aafed50376ae05babe7e327920649ed773828,,NARC archive,4e415243feff000108fb010010000300
346,/a/2/1/7,104508928,104623960,115032,fc8e2cb10be8a3f1df5f640cdd5a3c8add093290df98e21a89dc3847130792a9,,NARC archive,4e415243feff000158c1010010000300
347,/a/2/1/8,104624128,104658652,34524,37e6544f41232dd5609c74a48125485958bc2d40601fd3086f63ccff9ddb450f,,NARC archive,4e415243feff0001dc86000010000300
348,/a/2/1/9,104658944,104789888,130944,6488fa61826ff016f0679b229c61aedd07e2cd6344b49117e8b10812b2e03190,,NARC archive,4e415243feff000180ff010010000300
349,/a/2/2/0,104790016,104934356,144340,cb485461c656c1feb6219b5583db610870d9177e95502fb55227ee872d053447,,NARC archive,4e415243feff0001d433020010000300
350,/a/2/2/1,104934400,104995832,61432,ef26df849cc5a59347ac34365e5c7c81cf7b787ecdcc9f038da1cd87ff595f09,,NARC archive,4e415243feff0001f8ef000010000300
351,/a/2/2/2,104995840,105005396,9556,f2eb692d2c50f60bf794931d4c70b64cb7e460ed21cb88a93fa20a5c17e3b913,,NARC archive,4e415243feff00015425000010000300
352,/a/2/2/3,105005568,105029580,24012,18c50ef5d0f88700fabe3ba74b0d0ee23c342b104293191feb410ee2a64f24c9,,NARC archive,4e415243feff0001cc5d000010000300
353,/a/2/2/4,105029632,105160060,130428,2fcd1fd006c6714efb7505e2720b74d51c6bff2385415060e4fada7076df12c4,,NARC archive,4e415243feff00017cfd010010000300
354,/a/2/2/5,105160192,105162404,2212,1d5942a1e28adafcc79e8c859226a84a9c664cb3cb7fe1c3069ad088a0f14823,,NARC archive,4e415243feff0001a408000010000300
355,/a/2/2/6,105162752,105167436,4684,bd517d4afbfb516ba943866a2721b54e52041ef00c4dff5640b03c29a331f8ce,,NARC archive,4e415243feff00014c12000010000300
356,/a/2/2/7,105167872,105168264,392,b37201aaa6e16475ab8414af4205d3fb696471836d6b36709689cfa0077c6034,,NARC archive,4e415243feff00018801000010000300
357,/a/2/2/8,105168384,105746160,577776,3463c546c112f928f2f8e82ee1638b9739d52dea1d72779704ad3cc36cfb6c1b,,NARC archive,4e415243feff0001f0d0080010000300
358,/a/2/2/9,105746432,105750584,4152,dae7d12bc41dc176ac30700e53dd03ea42da4a20d61745d8b02b80ab2e62a3a2,,NARC archive,4e415243feff00013810000010000300
359,/a/2/3/0,105751040,105762132,11092,80ae1c4e8f99766a9d319e99acb87bc1d72d86465cf6529283ed7486e89a4a92,,NARC archive,4e415243feff0001542b000010000300
360,/a/2/3/1,105762304,105762860,556,0583c5513a482a796dc80b7df6215337f3797b9721f9cd27686dc26b42934907,,NARC archive,4e415243feff00012c02000010000300
361,/a/2/3/2,105763328,105785064,21736,8d6a75520b895b744718af4479cacdfe1d8361fd02608dcca6a6ec3a102a79eb,,NARC archive,4e415243feff0001e854000010000300
362,/a/2/3/3,105785344,106922972,1137628,80df0a57d996d21dc64b2a3369b223656e59798e5e7487a81c0325df6d6eda0c,,NARC archive,4e415243feff0001dc5b110010000300
363,/a/2/3/4,106923008,107025800,102792,55430e8380c0b6cba802d3537756479c932fcd3857c26aaadbf412b4d2ed8649,,NARC archive,4e415243feff00018891010010000300
364,/a/2/3/5,107025920,107040608,14688,775bf4b92f6f5c5774260e858f23e63007c1d9111c656e95d98f8b547247f556,,NARC archive,4e415243feff00016039000010000300
365,/a/2/3/6,107040768,107065496,24728,3bccb644f78309970bff1e04efaf21d1f801ef66861881dc8d809477c66975af,,NARC archive,4e415243feff00019860000010000300
366,/a/2/3/7,107065856,107095868,30012,368171a110fd9364b07c49ee50c488548b821117217b627268a507312a25c58a,,NARC archive,4e415243feff00013c75000010000300
367,/a/2/3/8,107096064,107515156,419092,b67169d363841091534231af5100fc046818d6a70b829d3b605340bf8b732417,,NARC archive,4e415243feff00011465060010000300
368,/a/2/3/9,107515392,107521264,5872,921b2e0f096c6964be030ca527099bfdd767cbc0cd8d3d13d9cec35104527318,,NARC archive,4e415243feff0001f016000010000300
369,/a/2/4/0,107521536,107543028,21492,4acc5de8b0759b7b47d33a0fa7cdb277119d268ecbb081427cec1ec282ea5f43,,NARC archive,4e415243feff0001f453000010000300
370,/a/2/4/1,107543040,107547168,4128,499fba5445df6fa6f533bcab3e41b53315cd7293b35e71318c06f5cce093ab4d,,NARC archive,4e415243feff00012010000010000300
371,/a/2/4/2,107547648,107555072,7424,5823d0d42d838f15399263bbe2a58f381c6e241d7c666164f35ac4d70537cafb,,NARC archive,4e415243feff0001001d000010000300
372,/a/2/4/3,107555328,107992428,437100,2c0ce40fd9f770517ae7025e5b2b4b673e8b77e884fadf96f5d5821587a3a8da,,NARC archive,4e415243feff00016cab060010000300
373,/a/2/4/4,107992576,108076900,84324,c1751e8323624d38d61b536753c19ed0dbf36377886e9a39c96af48ebbdce9de,,NARC archive,4e415243feff00016449010010000300
374,/a/2/4/5,108077056,110561536,2484480,6f2114db357c0595ea7a6ffbc57a793c9cab94698623f89cc6bb05b0ce8c8fcf,,NARC archive,4e415243feff000100e9250010000300
375,/a/2/4/6,110561792,110641228,79436,8ded12af6969549ba32693bb5b7cc1178f90384e775f962fba505c6846886096,,NARC archive,4e415243feff00014c36010010000300
376,/a/2/4/7,110641664,110659912,18248,5234e549af8189429f3ca9c1d0f96c266449f09229292329930eeaa8f9782f59,,NARC archive,4e415243feff00014847000010000300
377,/a/2/4/8,110660096,110795820,135724,a66e5110b3b6a1cfc8a2be2cc8d26b0b7ccea8d167e8f143af62e6c3f231dee8,,NARC archive,4e415243feff00012c12020010000300
378,/a/2/4/9,110796288,110817728,21440,e53d27ad7d68aa49d98e7edb25c4cdf3ad810dc8288f441c9efbe4fd969bcefe,,NARC archive,4e415243feff0001c053000010000300
379,/a/2/5/0,110817792,110823160,5368,e9b201e1e41ecf59bbe8b0d505531882b5574febfec57ba116845af5397b6294,,NARC archive,4e415243feff0001f814000010000300
380,/a/2/5/1,110823424,110827692,4268,cb3eeeb95c54f3c7416a43b55363d2c8b02c38709d6665b7de161454b4cd7bd4,,NARC archive,4e415243feff0001ac10000010000300
381,/a/2/5/2,110828032,110859812,31780,4344e4d6e928bcafb7e29f062d6483e516dc8db24eb08132b7007da5e98fc393,,NARC archive,4e415243feff0001247c000010000300
382,/a/2/5/3,110860288,110866820,6532,bf39947e7b3163f616cbbb61d63e4220e0f3d534837bb91befdffb4e274eede3,,NARC archive,4e415243feff00018419000010000300
383,/a/2/5/4,110866944,110869228,2284,88e7b8100cf7e5a676735f4544372216d99ff36857584319c536b0b9a02be471,,NARC archive,4e415243feff0001ec08000010000300
384,/a/2/5/5,110869504,110875216,5712,99041ec2ee08fc88ee825eda5e36582b96fffa637cfbabc07dce43542ff049f7,,NARC archive,4e415243feff00015016000010000300
385,/a/2/5/6,110875648,111414632,538984,7f039e3f18676c20654e0d5e8edfbe4f280890a4dcd857d147cff773000b67bd,,NARC archive,4e415243feff00016839080010000300
386,/a/2/5/7,111414784,111417424,2640,c921eedb15c59a8271cf7c998009e5b6566351a3feb9c74d1d13036e4c546891,,NARC archive,4e415243feff0001500a000010000300
387,/a/2/5/8,111417856,111419508,1652,d5586dab2f57542c631741eaecacce31e1f1488a27baaf87189766ba70e0c7d1,,NARC archive,4e415243feff00017406000010000300
388,/a/2/5/9,111419904,111424252,4348,277eab750f6e5ed0dd59f45d6d86ded96b3ef7ef884ac550f383ae0358017d15,,NARC archive,4e415243feff0001fc10000010000300
389,/a/2/6/0,111424512,111429288,4776,9fa02f0ac1a370601283955eb0f8f3e0d35c1151152235daf6c97b7cf860d4ba,,NARC archive,4e415243feff0001a812000010000300
390,/a/2/6/1,111429632,111430932,1300,f0d3d69f4af642c54575d380cb0fca1aeac08d281b1f60fefb1d5b54bc136b2d,,NARC archive,4e415243feff00011405000010000300
391,/a/2/6/2,111431168,111833288,402120,53ae25bcb86f84c40ce07e7e7997845601b75c3766ea805dc3077473f57e33c9,,NARC archive,4e415243feff0001c822060010000300
392,/a/2/6/3,111833600,112028480,194880,5766be0aeba4b0926dbadf17db8f4354384ba4c9171fdd24fb375f2b42daf207,,NARC archive,4e415243feff000140f9020010000300
393,/a/2/6/4,112028672,112043156,14484,b983721af8f94e430cb8443828b592321827c260ab87c9dcac2265050fa2a0b5,,NARC archive,4e415243feff00019438000010000300
394,/data/area00light.txt,3283968,3285973,2005,a8475834dc60350910bb3d0d03273fa6038b90e309931b5ff4a3f58c362db799,.txt,Nintendo RLE,302c0d0a312c31312c31312c31362c2d
395,/data/area01light.txt,3286016,3288040,2024,ce00fd5de6739f4849e6c322eaf06cf254065213d7c0e0bac942559b59d0a4c8,.txt,,3930302c0d0a312c32332c32332c3235
396,/data/area02light.txt,3288064,3290178,2114,7db2deeb4bfb1b8cec526a09e18ee6170df031413bcd79c69b596b5e9e3eea63,.txt,,3930302c0d0a312c32342c32342c3138
397,/data/arealight.narc,3290624,3299000,8376,a8cf7c77d702ad19247950ae5390c484fcd5abbd80592a9d1196cf9ed39e452d,.narc,NARC archive,4e415243feff0001b820000010000300
398,/data/battle_win.NSCR,3299328,3301412,2084,786c211effb3f47630ba88c443d2b11ad815f99affab9802586f129015423dd6,.nscr,,5243534efffe00012408000010000100
399,/data/cell0.NCGR,3301888,3310128,8240,744e07505e4c80a62df7782d14db317152aa090363ffe40fcada29b463d6c509,.ncgr,NCGR graphics,5247434efffe00013020000010000100
400,/data/cell0.NCLR,3310592,3311144,552,ec23e08f70ec23bef86883d2025ea41a518f4c41bf0b61a7427853502a95d9f4,.nclr,NCLR palette,524c434efffe00012802000010000100
401,/data/clact_default.NANR,3311616,3311727,111,30249884bd91f10bc9d4e13e7b1495f09991b6f488405a0cdbb61cfb402d10ca,.nanr,NANR animation,524e414efffe00016f00000010000300
402,/data/crystal.nsbmd,3312128,3315460,3332,67ea106ff319b63062afd6927e4ca022966cd550cc937cb1ceb1920ba35f46bf,.nsbmd,NSBMD model,424d4430fffe0200040d000010000200
403,/data/demo_climax.narc,3315712,3788332,472620,18d011c800914e0410979a16996dcdf6cca15ba384aa85d9973a769ab6def94e,.narc,NARC archive,4e415243feff00012c36070010000300
404,/data/dp_areawindow.NCGR,3788800,3789168,368,25a619fba61e036c8bee2595996ef4a480f84d31f6601018c7915549bb971f51,.ncgr,NCGR graphics,5247434e000000016801000010000100
405,/data/dp_areawindow.NCLR,3789312,3789864,552,6e5afdca34a65cd2adccd5de0c3e026fe76488afa707bfaed2eca788161ca4c2,.nclr,,5250434e000000012002000010000100
406,/data/dun20_01light.txt,3790336,3790470,134,f6249db82a18e91305ecaae94018dfdaa0a017898a4f08ec377ffde6345be940,.txt,Nintendo RLE,302c0d0a312c31312c31312c31362c2d
407,/data/dun20_02light.txt,3790848,3790982,134,77998f610d834114056aff244c2d4357ce1bc1f1910bf08bc8fd2e0467a7783a,.txt,Nintendo RLE,302c0d0a312c32342c32342c32302c2d
408,/data/dun_sea.nsbtx,3791360,3792760,1400,39c857f5b0fb8e0c07c161c838d0faa4a9f7c06a99fa432f4e4e92d70f59ee4e,.nsbtx,NSBTX texture,42545830fffe01007805000010000100
409,/data/eoo.dat,3792896,4266496,473600,73806dca4675ca5be6cc0be910cfb13dd16e232286e4f6280fa9bd82a474cd52,.dat,,4e494e54454e444f202020204e54524a
410,/data/exdata.dat,4266496,4266788,292,d25f106d39d48484fb0944d9b9d2706a17885ed46702abbef4402e9b4bed4f0d,.dat,,00000000600000009000000024060000
411,/data/field_cutin.narc,4267008,4301320,34312,6297f2dfeda5bfcef7ffa690a05f003567da4b276117937ce3b17916e4db6b2a,.narc,NARC archive,4e415243feff00010886000010000300
412,/data/fldtanime.narc,4301824,4322076,20252,6da0ba816a39aa9dc1c110ab99d7ad7d60cbd495a23b7f4f6536fe356f146214,.narc,NARC archive,4e415243feff00011c4f000010000300
413,/data/fs_kanban.nsbca,4322304,4324340,2036,41b95f6d1c3e3bfac512d44d17669a94843e21439c6bd4275933464139129b24,.nsbca,NSBCA animation,42434130fffe0100f407000010000100
414,/data/ground0.NCGR,4324352,4357168,32816,11c41561e7436491dcfec563b5acdc60ad5a4bbb26ca5b5ead43762eec4c6722,.ncgr,NCGR graphics,5247434efffe00013080000010000100
415,/data/ground0.NCLR,4357632,4358184,552,35263e138d7e792ea5509bacd9c44e25e77028dbbccf39b48f76a5249d5b3e0a,.nclr,NCLR palette,524c434efffe00012802000010000100
416,/data/ground0.NSCR,4358656,4360740,2084,3ab3b003d343c067cc9b3e9c45fdd2ebe2ff4d8e4d2fe0a2bab0cbc4d028b16a,.nscr,,5243534efffe00012408000010000100
417,/data/guru2.narc,4361216,4552940,191724,8c3a803c0a2c3d5d5600c5d281df52dca9c39f3225ffac1e5430873cc4a439ba,.narc,NARC archive,4e415243feff0001ecec020010000300
418,/data/kemu_itpconv.dat,4553216,4553236,20,e985fdcdde6952900c40e69ebb53010e24cbb5d7370a604962dc8104fe3d8f18,.dat,,04000000000003000600090000010203
419,/data/kowaza.narc,4553728,4557880,4152,dae7d12bc41dc176ac30700e53dd03ea42da4a20d61745d8b02b80ab2e62a3a2,.narc,NARC archive,4e415243feff00013810000010000300
420,/data/lake_anim.nsbtx,4558336,4562768,4432,b474bda5a56416dee86d57f43f17414265e91477b5990b00aa3a6d145d12d4af,.nsbtx,NSBTX texture,42545830fffe01005011000010000100
421,/data/miniasahamabe.nsbtx,4562944,4567432,4488,753ea89fce5bf92a8f65ea5a4d7a90f774fc282f54ea97d999ce9203fde63f36,.nsbtx,NSBTX texture,42545830fffe01008811000010000100
422,/data/miniasasea.nsbtx,4567552,4568952,1400,bc976c5218b1ce8561ff47c0a7cac4b560a7128439e2e173f4cba2476f68b3d6,.nsbtx,NSBTX texture,42545830fffe01007805000010000100
423,/data/minihamabe.nsbtx,4569088,4573576,4488,cb3d2f02227509848d1623fa39f42bc171c8337da3605a89076a286450a19382,.nsbtx,NSBTX texture,42545830fffe01008811000010000100
424,/data/minimum.nsbtx,4573696,4575096,1400,155a8541e3c57084d98af2463ee9530f9b45bf7bd1e4c403d0e56defa47510b9,.nsbtx,NSBTX texture,42545830fffe01007805000010000100
425,/data/minirhana.nsbtx,4575232,4575944,712,ebfa325c84a395484192f52d2b103974efdf9c0f27506eee728b8f9409033d23,.nsbtx,NSBTX texture,42545830fffe0100c802000010000100
426,/data/nfont.NCGR,4576256,4609072,32816,e410717b2e20e7480fd141fb3d03cb5da2b3b847f879957466bed40c1b0341b7,.ncgr,NCGR graphics,5247434efffe00013080000010000100
427,/data/nfont.NCLR,4609536,4610088,552,0bf22d2454070563b5620cee5d7ae0f5a730b26ee5a201cbfd320262972df9b5,.nclr,NCLR palette,524c434efffe00012802000010000100
428,/data/pc.nsbca,4610560,4610956,396,7aa84debb0c59cef33397f91465936db833e7f3988665faf4f371d4fbe62c450,.nsbca,NSBCA animation,42434130fffe01008c01000010000100
429,/data/pl_wifi.ncgr,4611072,4611648,576,d43dc9dedac998e67448e69e7f9f31732528154b672f6cc6e2efa522c5751524,.ncgr,NCGR graphics,5247434efffe01014002000010000200
430,/data/pl_wm.ncgr,4612096,4612672,576,ced58383a0c9395fe6975f2cef706e2e7b527e4dd4006ea1276555412dfc4bf7,.ncgr,NCGR graphics,5247434efffe01014002000010000200
431,/data/pl_wm.nclr,4613120,4613672,552,b087be2bd632abd639697f70afbd955d2e51ab5205ef8a991f9490af54e526d2,.nclr,NCLR palette,524c434efffe00012802000010000100
432,/data/slot.narc,4614144,4702532,88388,58689fa964a5f8591ec61b443b3c5ee2452c4b64400523b01125fdda0007ec2f,.narc,NARC archive,4e415243feff00014459010010000300
433,/data/smptm_koori.NANR,4702720,4702883,163,8b86c5a47c78fad0302baee732fb713abf1b3ff0a80e84164514cb20c56aba55,.nanr,NANR animation,524e414efffe0001a300000010000300
434,/data/smptm_koori.NCER,4703232,4703447,215,cab213e4865c507e57a2530d8647b1adaee6f68c33bd28e1b319c95c66435e35,.ncer,NCER cell,5245434efffe0001d700000010000300
435,/data/smptm_koori.NCGR,4703744,4706992,3248,0bbdb832a2e68b212b7d16e2a33422bdd0b6e534691b3f98ed1c0f7461665583,.ncgr,NCGR graphics,5247434efffe0101b00c000010000100
436,/data/smptm_koori.NCLR,4707328,4707880,552,e8b3ecf1147d10858d39b4778e12f7799156b37d355235146bce06c0f7918ba2,.nclr,NCLR palette,524c434efffe00012802000010000100
437,/data/smptm_nemuri.NANR,4708352,4708463,111,02501a6a5ce892afbfaf7aaf1ac388045db6e55ade71548a00cc3a91b7fb3f37,.nanr,NANR animation,524e414efffe00016f00000010000300
438,/data/smptm_nemuri.NCER,4708864,4708963,99,c3325d4ceb81ca33fecea1cf20ff792369cf038863e3875af4305afb6791f7a0,.ncer,NCER cell,5245434efffe00016300000010000300
439,/data/smptm_nemuri.NCGR,4709376,4709936,560,8aedbf79a2c78ed76691eaa997a1a9b409aab774f94d02b928e44282b560a50d,.ncgr,NCGR graphics,5247434efffe01013002000010000100
440,/data/smptm_nemuri.NCLR,4710400,4710952,552,7072a697c60eb373779b149f3113041ff5111d7bb898ec44fd6bd7c62c4ac62d,.nclr,NCLR palette,524c434efffe00012802000010000100
441,/data/str2uni.bin,4711424,4716256,4832,3c6d570b9d985d41b59ddbad47055de139b5c36878cd0746815b0d183853fb5b,.bin,,00ac01ac04ac07ac08ac09ac0aac10ac
442,/data/t3_fl_b.nsbtx,4716544,4717136,592,a11539bf20040b840209de86dde37c3aa1ec26058f5b782da16bf3a0cb663257,.nsbtx,NSBTX texture,42545830fffe01005002000010000100
443,/data/t3_fl_p.nsbtx,4717568,4718160,592,d01550848b0f4124ee32f8279744cbb939f6544747896660b99150c6eeb62b44,.nsbtx,NSBTX texture,42545830fffe01005002000010000100
444,/data/t3_fl_r.nsbtx,4718592,4719184,592,67c4f0ad6b0ba3b4ad9e576cd0739729aa37112639786c774d26e9f2c69a9f5d,.nsbtx,NSBTX texture,42545830fffe01005002000010000100
445,/data/t3_fl_y.nsbtx,4719616,4720208,592,9b3b8aa1df95dc347cc684692c36ad1df49a81815c68b0a0d23cebf4f92d05aa,.nsbtx,NSBTX texture,42545830fffe01005002000010000100
446,/data/test.atr,4720640,4722688,2048,f955bdcb6611c4e3033cf5104e01c732001da4a79e23f7771fc6f0216195bd6e,.atr,Nintendo LZ11,11111111111111111111111111111111
447,/data/tmap_block.dat,4722688,4727060,4372,a68faa282a2f7f35073d1038d432e68054efa63b6a322c47bba069f3158e6ab9,.dat,,b600000003001a00010016000200ffff
448,/data/tmap_flags.dat,4727296,4728028,732,a1b0002fe43379e9bff3d8e50ce6cbfba185640945f1d523ebe2ba84049b3413,.dat,,b6000000000000000000000000000000
449,/data/tradelist.narc,4728320,4739804,11484,d031d0a7095813d323307464003b70d2577dc3d67c7c5bfc7bc6c4b244999009,.narc,NARC archive,4e415243feff0001dc2c000010000300
450,/data/trapmark.narc,4740096,4740708,612,6f577df39a0bc2efb3605011ec4b424575c4316d5c361f88a461d7ac89455a79,.narc,NARC archive,4e415243feff00016402000010000300
451,/data/ug_anim.narc,4741120,4764800,23680,cd49b51638dcf62c8f98725b613496d430b88ceab8c890d152f615548c69fb89,.narc,NARC archive,4e415243feff0001805c000010000300
452,/data/ug_base_cur.nsbmd,4765184,4766868,1684,3a6a9145c00acfda492b047cab5d7ad275c4cda60c58b7a01a72fbe3a3c0a101,.nsbmd,NSBMD model,424d4430fffe02009406000010000200
453,/data/ug_boygirl.NCGR,4767232,4771888,4656,48d58205e3af7664dee5a0391fd9235cf6d6c6e4ea1dc09e3c2c1720b196f8b4,.ncgr,NCGR graphics,5247434efffe00013012000010000100
454,/data/ug_boygirl.NCLR,4772352,4772904,552,5b223381bb291856354054377270449984122dc23178863f25dc13e6e84aab15,.nclr,NCLR palette,524c434efffe00012802000010000100
455,/data/ug_fossil.narc,4773376,4789464,16088,4f48a58a7eaedfe8274d27bc35ca478f9d66e677a8fe766f3fd8ceaaf6642236,.narc,NARC archive,4e415243feff0001d83e000010000300
456,/data/ug_hero.NANR,4789760,4790009,249,9082d4c4ec380836f4b632c390b3920d281b0ca5d88400f7a92110e8b192d5e6,.nanr,NANR animation,524e414efffe0001f900000010000300
457,/data/ug_hero.NCER,4790272,4790537,265,a5ae217f2e4880f1aee8ebf3d3577bf1bef40e22f9c7ff48076dcddfed8ddf47,.ncer,NCER cell,5245434efffe00010901000010000300
458,/data/ug_hole.NANR,4790784,4790998,214,bfd73e8fffad25a2db44e513c11069c0f3d13726d5db00ecd7eb91202009026c,.nanr,NANR animation,524e414efffe0001d600000010000300
459,/data/ug_hole.NCER,4791296,4791458,162,146cc38ba450df40c78773790564d35c3799a8b308b5c3bfd381be7f6920b55b,.ncer,NCER cell,5245434efffe0001a200000010000300
460,/data/ug_hole.NCGR,4791808,4793136,1328,d18c686e78cb6a83168cad8df2ef75a489ad4854dcf9c2e14add46868f7daae6,.ncgr,NCGR graphics,5247434efffe00013005000010000100
461,/data/ug_parts.narc,4793344,4926364,133020,6aef71920a64161cb0879222c36a89a2b6a2be34db605b8ad68766c2b5f2c68d,.narc,NARC archive,4e415243feff00019c07020010000300
462,/data/ug_radar.narc,4926464,4940904,14440,38c022b32cbfb6be13a80aef230dceb386785284da947a1357a44d8a6019fec2,.narc,NARC archive,4e415243feff00016838000010000300
463,/data/ug_trap.narc,4941312,5063084,121772,41fd698d83b7f883100b7cd2d2796486ac6fd2293da4736e1fda7bbaee571fc3,.narc,NARC archive,4e415243feff0001acdb010010000300
464,/data/ugeffect_obj_graphic.narc,5063168,5082984,19816,7b5ddd52efc8daeb79eb517c71f72c2f6da461a4723eb80cc72ef7ea065d2ffb,.narc,NARC archive,4e415243feff0001684d000010000300
465,/data/underg_radar.narc,5083136,5124660,41524,f02b453a55678f112c31b7a78b794d132b25212641a767f83f3cf42017cd704d,.narc,NARC archive,4e415243feff000134a2000010000300
466,/data/UTF16.dat,3283456,3283946,490,2e66cc1325a472ba8de7c88562216f02f6d478743f29e99732c2c58a10bfc728,.dat,,fffe0030413042304330443045304630
467,/data/utility.bin,5125120,6054972,929852,db8ee36170897f60791f713b7669c50a125e62c6ad775fda98466c85fe48e81e,.bin,Nintendo LZ10,10000000a8170000c0170000500c0000
468,/data/weather_sys.narc,6055424,6119080,63656,a52f8b2f311a1397a1a97a011d904f5ca28e6674239f16605515a5b5eeee59c3,.narc,NARC archive,4e415243feff0001a8f8000010000300
469,/data/wifi.ncgr,6119424,6120000,576,d43dc9dedac998e67448e69e7f9f31732528154b672f6cc6e2efa522c5751524,.ncgr,NCGR graphics,5247434efffe01014002000010000200
470,/data/wifinote.narc,6120448,6135116,14668,85e6f3744806c16014eff71abcfe70e4cd7b60cc80bebdb542617f92df00c82b,.narc,NARC archive,4e415243feff00014c39000010000300
471,/data/wifip2pmatch.narc,6135296,6286260,150964,448fd2c485a3758b5cefe0ff9d17a389e46ae59cf3c789a865cd5d9874cd91b9,.narc,NARC archive,4e415243feff0001b44d020010000300
472,/data/wm.ncgr,6286336,6286912,576,ced58383a0c9395fe6975f2cef706e2e7b527e4dd4006ea1276555412dfc4bf7,.ncgr,NCGR graphics,5247434efffe01014002000010000200
473,/data/wm.nclr,6287360,6287912,552,b087be2bd632abd639697f70afbd955d2e51ab5205ef8a991f9490af54e526d2,.nclr,NCLR palette,524c434efffe00012802000010000100
474,/data/wm256k.ncgr,6288384,6289472,1088,bf2e445532c4b5df58c4a788b32ecf6ccd30a84d6e79bb2f349f57b9ccc0dbee,.ncgr,NCGR graphics,5247434efffe01014004000010000200
475,/data/mushi/mushi_encount.bin,18801152,18801472,320,ead5478eb544add6a23aa7aa8a03a6d9fddc27f57e80fbec1e7683c1fa548c27,.bin,,0a000712503c00000d0007123c3c0000
476,/data/mushi/mushi_trainer.bin,18800128,18800768,640,cabb3e1160c4574acc1cf23479a48bf6266ba640da08007d95962b338546736b,.bin,,00077b004001140000077f002c011e00
477,/data/sound/gs_sound_data.sdat,6289920,14950016,8660096,3b63b5b7aa7714a1906320be106beecebae89f8daf3988be699d41d4309454e6,.sdat,SDAT sound archive,53444154fffe00018024840040000400
478,/dwc/utility.bin,123709952,124639804,929852,db8ee36170897f60791f713b7669c50a125e62c6ad775fda98466c85fe48e81e,.bin,Nintendo LZ10,10000000a8170000c0170000500c0000
479,/fielddata/build_model/bm_field.narc,14957568,17354872,2397304,c750b0cd588c9dd42dfcae5a334f2eb504c5bdc943a9f529c4479020863bee9a,.narc,NARC archive,4e415243feff00017894240010000300
480,/fielddata/build_model/bm_field_matshp.dat,18782208,18786504,4296,b1fbbb3bf8db4a06864ba863114e29aba462f71089b72193d1e04a20afaef460,.dat,,5401dd02010000000000ffff04000100
481,/fielddata/build_model/bm_room.narc,17355264,18782120,1426856,5b1bbc59de9751db0fd037e702c006ac7b0a21600b850a284551683a358fd466,.narc,NARC archive,4e415243feff0001a8c5150010000300
482,/fielddata/build_model/bm_room_matshp.dat,18786816,18788672,1856,d74b87784a399a5fe2bcbef2cdfcf2438a0ed26f72d63efa9d10fa63b10c92ba,.dat,,de00f100010000000100010001000200
483,/fielddata/maptable/mapname.bin,18789888,18798528,8640,553944fa1a316e32dc1f559141d7d3bf630c382a70a6098e0cdf1d1236c7c285,.bin,,45564552595748455245000000000000
484,/fielddata/wazaoshie/waza_oshie.bin,18801664,18805704,4040,68d8db45b12c3ba29d4f21409915eee67d0c388d8f49082e57293295622df407,.bin,,06201008040908000620100804090800
485,/msgdata/scenario/scr_msg.narc,14950400,14957148,6748,89e84ab4475c85ad4358761c89c69c16f51c024041d2081a1da6ad1ad51b7cba,.narc,NARC archive,4e415243feff00015c1a000010000300
486,/pbr/b_plist_gra.narc,112043520,112117928,74408,1786a3fdf7ddfbdb88e4c723ea7e16ebf9b4b45599264aac7bdeb523db57b300,.narc,NARC archive,4e415243feff0001a822010010000300
487,/pbr/bag_gra.narc,112118272,112223860,105588,eeae9d36baa1022ff4827cbdc6eb7d28a33823606468acaedfa3eb808cb755e8,.narc,NARC archive,4e415243feff0001749c010010000300
488,/pbr/batt_bg.narc,112224256,112864380,640124,bcf2c24ae32b38a546b9b293b16af3782b706fd6dc5ec9d58c1e245655ce05ab,.narc,NARC archive,4e415243feff00017cc4090010000300
489,/pbr/batt_obj.narc,112864768,112996420,131652,ed8f501abdfaf4d9b1880ba24699cdd6e4e592a378008263e10ac7a55587e5c3,.narc,NARC archive,4e415243feff00014402020010000300
490,/pbr/font.narc,112996864,113756704,759840,97b5d1de58b7e625daf6b5894635bc139dab283ff060976c8dfe8fe4e6c41d6a,.narc,NARC archive,4e415243feff000120980b0010000300
491,/pbr/growtbl.narc,113757184,113760532,3348,ce5c612e32e537da3cdf7808c3f21ab217e83a75ead56027d98a7d84bb1b55d6,.narc,NARC archive,4e415243feff0001140d000010000300
492,/pbr/item_data.narc,113760768,113780268,19500,a6cfe6df97f24b191d782fe0ab14a9c067a9b496afd12180b4904f56e8740c7e,.narc,NARC archive,4e415243feff00012c4c000010000300
493,/pbr/msg.narc,113780736,115229792,1449056,338980041f88e4efafab074450286e0f1f0a0349076a794a773d726939c166e0,.narc,NARC archive,4e415243feff0001601c160010000300
494,/pbr/otherpoke.narc,101327872,102218476,890604,cab7af2e4fef1878af6a7002eecc24c7a1c879166aaf5dfd61ebdc0bd4b92681,.narc,NARC archive,4e415243feff0001ec960d0010000300
495,/pbr/pbr_file.inc,115230208,115230691,483,f0948a9ef7f950bbe8362ce41154535685eb4a5277debea38f7efb2bf05aec7b,.inc,,5042525f46494c4553203d207062722f
496,/pbr/personal.narc,115230720,115256824,26104,9bc883e846af6cc0810251c8ce05663ceadacac0f47dd83a24a93fa0cea75392,.narc,NARC archive,4e415243feff0001f865000010000300
497,/pbr/plist_gra.narc,115256832,115296940,40108,afc98cdfaa34fe70ebc99f219682c3ce989b648ad91fcfcfb42bfd81294f4cf5,.narc,NARC archive,4e415243feff0001ac9c000010000300
498,/pbr/poke_anm.narc,115297280,115322692,25412,32606834ed99b654238499e3b42610d984b61c2cf3f67368f091ccf58e9af217,.narc,NARC archive,4e415243feff00014463000010000300
499,/pbr/poke_icon.narc,115322880,115900656,577776,3463c546c112f928f2f8e82ee1638b9739d52dea1d72779704ad3cc36cfb6c1b,.narc,NARC archive,4e415243feff0001f0d0080010000300
500,/pbr/pokeanm.narc,115900928,115914820,13892,25af2f6e78a5a8eab609313a6e21b103604753686088ef4c51f212c89c109011,.narc,NARC archive,4e415243feff00014436000010000300
501,/pbr/pokegra.narc,89548800,101327476,11778676,71e0090fbcbdf63d74c58ad78b5d256d8da09d3d028cc18faf6f5dcd99e8c424,.narc,NARC archive,4e415243feff000174bab30010000300
502,/pbr/poketch.narc,123576320,123635788,59468,a10047668e5d0091fefc4fa8ad5c662f27c226fd984b51c1443c68add50e6dd3,.narc,NARC archive,4e415243feff00014ce8000010000300
503,/pbr/pokezukan.narc,115915264,115916312,1048,a8072ca83eccb60cc3d94b0c7be53807e9d39e0895bc82551fd168db54eea381,.narc,NARC archive,4e415243feff00011804000010000300
504,/pbr/pst_gra.narc,115916800,116043952,127152,e83530ff8e24ad7cdc88f1f46f3ce7573695e9e63dfbc5e87f39cee72c227b92,.narc,NARC archive,4e415243feff0001b0f0010010000300
505,/pbr/sound_data.sdat,116044288,123529056,7484768,c3f5535dfae0bde260b39accef3a72149d735d62aa4b68ec34ed4ba3516672c8,.sdat,SDAT sound archive,53444154fffe00016035720040000400
506,/pbr/waza_tbl.narc,123529216,123540572,11356,f9f6a37e8b8170558ce14c4be35c890ff59cc97508a4aa237fdac945dfdffe54,.narc,NARC archive,4e415243feff00015c2c000010000300
507,/pbr/winframe.narc,123540992,123576036,35044,656ad458e1a40d6f30adcfa01f958ab01b205721e28ce804833f3cc5c95dfede,.narc,NARC archive,4e415243feff0001e488000010000300
508,/pbr/zukan.narc,123636224,123709760,73536,7fa5f1c902fde5f4aaa2c88007603d1d1c49af8f1a487513c2292bed5dc3ee09,.narc,NARC archive,4e415243feff0001401f010010000300
509,/poketool/personal/pms.narc,18788864,18789880,1016,6964c689912d1054c33ab6be62dfd484806bdbcd2e5429bf3d69f67b4938b0ce,.narc,,00000100010001000400040004000700
510,/tel/pmtel_book.dat,18798592,18800096,1504,4f2dc51efecaf19f2ac46a782dc5e7430bba9e09387db8918e1066515cbf879c,.dat,,4b000000000100c800003f0000001700
