table_index,overlay_id,ram_address,ram_end,ram_size,bss_size,static_init_start,static_init_end,file_id,file_path,file_offset,file_size,file_sha256,compressed_size_field,flags,compression_flag
0,0,35545856,35767296,216448,4992,35745272,35745276,0,__unmapped__/file_00000,786432,129760,20e45958f7232db3e87e3d5cf455db2a4281503731410bd149dad092a3abb9fd,129760,1,True
1,1,35545856,35939712,148064,245792,35693072,35693076,1,__unmapped__/file_00001,916480,110480,fa28e1fa5b9361c3b0624a0034f3026ee403bbddeeb3e79dae6d49a92d30fa4b,110480,1,True
2,2,35939712,35997728,58016,0,35997564,35997568,2,__unmapped__/file_00002,1027072,42964,9aead71b84ef07a527db55b461b481daf0cccb2ef299699d74be5634b7c1de42,42964,1,True
3,3,35997728,36020736,22976,32,36020556,36020560,3,__unmapped__/file_00003,1070080,16760,24b8e85116e89d685e6ec78c34709bbdf57211d22081324203a48e84b1894508,16760,1,True
4,4,35997728,36013440,15712,0,36013412,36013416,4,__unmapped__/file_00004,1086976,11840,6581403a61f8e67d43f0cd4bdd895db865c83ceb2545b19d3e60584de58cd240,11840,1,True
5,5,35767296,35781760,14464,0,35781752,35781756,5,__unmapped__/file_00005,1099264,10012,2a8b7b55a977835e5f2232db275953625f265d4cfd046ca033a194e2ce0c8c57,10012,1,True
6,6,35767296,35768352,1056,0,35768344,35768348,6,__unmapped__/file_00006,1109504,780,90d92645e2868c0ac185bfddd54a6a7dc0e874c2fa34802aeaf0e97211c3c6a9,780,1,True
7,7,35768352,35881664,113312,0,35881532,35881536,7,__unmapped__/file_00007,1110528,78560,721939ae2b78a70be4b3f1d902829b69e7625d4fe477d90f92b4ecdf82bfdf92,78560,1,True
8,8,35768352,35809600,41248,0,35809592,35809596,8,__unmapped__/file_00008,1189376,29364,d10692fd32a71949f02baee8d3fa7387e5c62ec0c8e488521e7b594358e79fee,29364,1,True
9,9,35768352,35768384,32,0,35768352,35768356,9,__unmapped__/file_00009,1219072,20,07d1d94d7d3269a1155925f01090a020e40387e8e8998fc3b4a1a3c633ca4d46,20,1,True
10,10,35768352,35830912,62560,0,35830888,35830892,10,__unmapped__/file_00010,1219584,27656,d46de8af9c9a71461e3f1a512bd07ce93671010050f574e6115505458bd52d95,27656,1,True
11,11,35545856,35545888,32,0,35545856,35545860,11,__unmapped__/file_00011,1247744,20,07d1d94d7d3269a1155925f01090a020e40387e8e8998fc3b4a1a3c633ca4d46,20,1,True
12,12,35881664,36107840,226176,0,36107788,36107796,12,__unmapped__/file_00012,1248256,162548,3fd784967d68e57e0ca35e3abd84a43cea5a88e0d6cf3dba0bdedefff0671d7b,162548,1,True
13,13,35767296,35979360,178816,33248,35939172,35939176,13,__unmapped__/file_00013,1411072,110576,0b4d5e6f5698355d100765f503eb18035ae0fb636e7d24a7764d12323903db9e,110576,1,True
14,14,35545856,35626368,80512,0,35626336,35626340,14,__unmapped__/file_00014,1521664,51564,c3b329737efd5345e48fe28637dabb0524ac617b2a88dc8cb058e060b99caab5,51564,1,True
15,15,35626368,35659424,33024,32,35659000,35659004,15,__unmapped__/file_00015,1573376,22892,3b283a03b068d7aaed9e168f25a1886dcfebca65e7c1188cd2dd86e66d78ff59,22892,1,True
16,16,35659424,35661248,1824,0,35661192,35661196,16,__unmapped__/file_00016,1596416,1520,1140cf3be5cb79cbad9ab2d60e7ac01d39396113f66799979e9a59b7f47fc54a,1520,1,True
17,17,35661248,35670496,9248,0,35670468,35670472,17,__unmapped__/file_00017,1597952,6692,77518c054bf801efa38f0ad5345aec10f031d5cd00b1f2091024312672742988,6692,1,True
18,18,35545856,35636384,90528,0,35636372,35636376,18,__unmapped__/file_00018,1605120,58960,45c81673aa0a9a7b8ee7a835503bb841c858d594b199e387e6af3d070773a48f,58960,1,True
19,19,36020736,36022944,2208,0,36022912,36022916,19,__unmapped__/file_00019,1664512,1928,3915ddb6658e659d0e469cd737737be987f550b4cb0c5a7680bd5ba16fd08645,1928,1,True
20,20,36020736,36021728,992,0,36021720,36021724,20,__unmapped__/file_00020,1666560,876,b835dc0a5af7211a04d831c3acbaffc21c568ccff60069f1cbe636ca89f895ad,876,1,True
21,21,36020736,36021088,352,0,36021068,36021072,21,__unmapped__/file_00021,1667584,328,195ddc831993bf5dc1dc87232d73a756156f38190f87603098fd9987f95dc9e0,328,1,True
22,22,36020736,36021440,704,0,36021436,36021440,22,__unmapped__/file_00022,1668096,444,2c12070bf27d1c2e3e3ffe4da4f83166e1bcd8ddc1b380ca6ed6ef4b8d273d22,444,1,True
23,23,36020736,36021952,1216,0,36021948,36021952,23,__unmapped__/file_00023,1668608,1160,ad46ad69a2f77af436df2d774917edb60393c9a52761289f48408bc10dbf7681,1160,1,True
24,24,36020736,36022464,1728,0,36022396,36022400,24,__unmapped__/file_00024,1670144,1688,245d86ce7e68375069d54ab0c7140081a927b22a3fd83536671356f67de570a8,1688,1,True
25,25,36020736,36022368,1632,0,36022364,36022368,25,__unmapped__/file_00025,1672192,1420,9d3defc034e2235d00ad591b50c3ac7477e09c7e0c3adef704ae9c9043161694,1420,1,True
26,26,36020736,36022048,1312,0,36022016,36022020,26,__unmapped__/file_00026,1673728,1220,5dbe66864b4d7a09c9d3c02c586c586a7ec648ce7fe6910747ec9a934858f1d7,1220,1,True
27,27,36022464,36036192,13728,0,36036012,36036016,27,__unmapped__/file_00027,1675264,10120,4eceecab85044afe9ed8308ee3031aa273c51b00b177b42feccf71c21cc2bf52,10120,1,True
28,28,36036192,36041952,5760,0,36041932,36041936,28,__unmapped__/file_00028,1685504,4816,51bf189ada89a2f60e8322d768160d0299c438faac6ec01145494f1d0173b589,4816,1,True
29,29,36036192,36039776,3584,0,36039748,36039752,29,__unmapped__/file_00029,1690624,3184,8f26f89cdc90f2e1bdee6ce24e4f7e5cdeb31efa6eb59a8ef34274f175985070,3184,1,True
30,30,36036192,36038176,1984,0,36038080,36038084,30,__unmapped__/file_00030,1694208,1536,688e5c86d256af32c336d5a6bc017eab85698fe73603c0972688098eb5ef814a,1536,1,True
31,31,36036192,36043104,6912,0,36042852,36042856,31,__unmapped__/file_00031,1695744,4936,d46e2bac98c40f28090d8eec9dfbee57884527dbb464ce546f895b8b32f30d20,4936,1,True
32,32,36036192,36039712,3520,0,36039708,36039712,32,__unmapped__/file_00032,1700864,3056,98294b2c7412a9d08ce8fcc370daae05cf1593ee0d8c2096ff04a0ca5b5ec2be,3056,1,True
33,33,36036192,36037632,1440,0,36037628,36037632,33,__unmapped__/file_00033,1703936,1304,24fe823b2ed29abdfc5b2bac63c6b24ceffce7e980cdbe96509b6ab482f41c2c,1304,1,True
34,34,36036192,36040864,4672,0,36040848,36040852,34,__unmapped__/file_00034,1705472,4088,76678698384a6885cd56b95885679ab9fef6316be1618fbd5a29012826085d3a,4088,1,True
35,35,36021952,36022016,64,0,36022012,36022016,35,__unmapped__/file_00035,1709568,64,5de8a51eb1ba992659ea3dfd4ec5455ac3eb98d6e95b6c3dbdbb049788c7e54a,0,0,False
36,36,35545856,35546720,864,0,35546688,35546692,36,__unmapped__/file_00036,1710080,780,fc3aae9041380da54f16bcc695cc6146f114aa2963a4b7ff1fbb6ca3822b7be7,780,1,True
37,37,35545856,35555296,9440,0,35555080,35555084,37,__unmapped__/file_00037,1711104,7396,a2cb1fe7cb27fa19e3ef47dd5f5ce3fc118d152ada867a238bd732ce4bd26585,7396,1,True
38,38,35767296,35813984,42528,4160,35805732,35805736,38,__unmapped__/file_00038,1718784,26124,87a28409232b74a15d8c53a4553acf2ea157a4867aab33155779b404303ff5b3,26124,1,True
39,39,35813984,35832032,15136,2912,35828748,35828752,39,__unmapped__/file_00039,1745408,10908,aa19fcf04e46911d7cd76d537e451b3b6f49c84045c037b12f05977d796953e8,10908,1,True
40,40,35832032,35940608,108576,0,35940112,35940116,40,__unmapped__/file_00040,1756672,74860,2fe15ad54d2dc69173a0fcbfb7f8493823970e6bffe6b4082cd2943a9458355f,74860,1,True
41,41,35940608,35965696,25088,0,35965688,35965692,41,__unmapped__/file_00041,1831936,20564,70f0c5fe0077258ea3254ebab84b1e387fdbf3ce26aa350c7e3aba208a67603d,20564,1,True
42,42,35813984,35825888,11904,0,35825880,35825884,42,__unmapped__/file_00042,1852928,8776,a505e09a76b43f2f290804ac627ff59b6c097b065b18a756ca8d3aedadda257b,8776,1,True
43,43,35825888,35847136,21248,0,35846872,35846876,43,__unmapped__/file_00043,1862144,15832,b9476a8b1eb8b3a6eb1806cda4101abff89c87a056d3cdf254968dcaf5d3e8fc,15832,1,True
44,44,35825888,35877568,51648,32,35876956,35876960,44,__unmapped__/file_00044,1878016,33968,c04cea90d555725d9720a42ec71d765664a63e1151a42d106993121ee5200c1f,33968,1,True
45,45,35825888,36016640,186592,4160,36001820,36001824,45,__unmapped__/file_00045,1912320,108060,791dccc441423e1732395392e6972c2f8d82d72ee33e9fad957fc35222278770,108060,1,True
46,46,36016640,36020288,3648,0,36020268,36020272,46,__unmapped__/file_00046,2020864,2884,4e99000e650642f2a2ad83eed81c0e8c5511586ab3e53622a6543c4aedd875a0,2884,1,True
47,47,36016640,36022720,6080,0,36022664,36022668,47,__unmapped__/file_00047,2023936,4988,2b5488bdccc3286683b375e6ae84b492fadb53d3f3834769b303d148490ef15b,4988,1,True
48,48,36016640,36028288,11648,0,36028276,36028280,48,__unmapped__/file_00048,2029056,9544,78425c0bf48e0e5187793997c1652380f4f02563f17e2ea85abb2661a729cf19,9544,1,True
49,49,36016640,36090624,73984,0,36090616,36090620,49,__unmapped__/file_00049,2038784,54984,310e63cca1854169f953a69e674c08acbe22be0c30a20aea616622a5469b742c,54984,1,True
50,50,35545856,35546304,448,0,35546284,35546288,50,__unmapped__/file_00050,2094080,428,d552d7198411adb580b8e7f7087d30566d32f647dea40bfd3e8e93d943fcf322,428,1,True
51,51,35546304,35556064,9760,0,35556012,35556016,51,__unmapped__/file_00051,2094592,7648,2f885e588213ecadde459a535e62130cc9a143746756ac2ae79290cf8f389c69,7648,1,True
52,52,35556064,35561728,5664,0,35561664,35561668,52,__unmapped__/file_00052,2102272,4544,e2f7f65f3e744b504e6a75b87e9f895fb75a68fde67e51fc216fbc9651694901,4544,1,True
53,53,35545856,35558048,12192,0,35558024,35558028,53,__unmapped__/file_00053,2106880,9512,e996b8acea32e2ab27ef1ee10463c696e497eb5291cf51dcde999d440dba760d,9512,1,True
54,54,35545856,35551840,5984,0,35551828,35551832,54,__unmapped__/file_00054,2116608,4424,b0aa55d93478ceff144d86541994cc4037930ca26a066842977df838e69ec2bb,4424,1,True
55,55,35545856,35546656,800,0,35546644,35546648,55,__unmapped__/file_00055,2121216,784,48b33844247a57161d8b3752052c8699f713c160d2dd79eb49bb5695e276f36e,784,1,True
56,56,35546656,35551520,4864,0,35551500,35551504,56,__unmapped__/file_00056,2122240,3928,aed180fa0a6d8c241989d666312810bb6e9e17481dfd978497736491119238c7,3928,1,True
57,57,35881664,35899712,18048,0,35899688,35899696,57,__unmapped__/file_00057,2126336,13888,60c0e1025c6ffef398143e8b499f64261d2d91be9257677f751723013e58889c,13888,1,True
58,58,35881664,35882816,1152,0,35882812,35882816,58,__unmapped__/file_00058,2140672,1064,aedce33d430f2d2b09c0b6aa9e6296356b6f1367104f0d50961b0fa5a6c75326,1064,1,True
59,59,35882816,35902880,20064,0,35902824,35902828,59,__unmapped__/file_00059,2142208,14952,53394a8db5571028986a820d3cb49f014e9bb9cd4f849ec77e28af55adfb958a,14952,1,True
60,60,35545856,35570208,24352,0,35570168,35570172,60,__unmapped__/file_00060,2157568,16780,ec1ed5e409f56de1a96b54f00245d1bfecde516389bf6f4e8d93a9cb13d1aba9,16780,1,True
61,61,35545856,35552960,7104,0,35552956,35552960,61,__unmapped__/file_00061,2174464,5956,e7b717663bef1535ce6ac44a0c71beaac3211cf0e89a6f8cc6f31d6407e71509,5956,1,True
62,62,35545856,35549952,4064,32,35549916,35549920,62,__unmapped__/file_00062,2180608,3096,6b3c526190556b95dd3bbefefc36357b4d9712828be2eba94922b442fbd40db0,3096,1,True
63,63,35768352,35786240,17856,32,35786156,35786160,63,__unmapped__/file_00063,2184192,12228,122bd10042fad3a9f3e9b55bfd1b4f78f4d61f00fb0faeaa55afd826a90f8782,12228,1,True
64,64,35545856,35552896,7040,0,35552888,35552892,64,__unmapped__/file_00064,2196480,4868,06c52e1636585247f7eea0e677a2cfd0d4e318aadd1fa9796193c18855001105,4868,1,True
65,65,35768352,35785632,17280,0,35785616,35785620,65,__unmapped__/file_00065,2201600,13096,6a719dadcebd77ff573246dbf9e0ef4255c63e23af6f0f5a6f82cfa8d53de53c,13096,1,True
66,66,35545856,35545888,32,0,35545856,35545860,66,__unmapped__/file_00066,2214912,20,07d1d94d7d3269a1155925f01090a020e40387e8e8998fc3b4a1a3c633ca4d46,20,1,True
67,67,35545856,35552064,6208,0,35552056,35552060,67,__unmapped__/file_00067,2215424,4832,4bcdc14e89079bd9515e1426f149bede802a1d07726fb3a0f66f1db6ea8c6fbb,4832,1,True
68,68,35545856,35556096,10240,0,35556068,35556072,68,__unmapped__/file_00068,2220544,7420,2c1213d710b88d717c1c83946af378e5ba9c9b04c7e700d59d8eae32314b62fc,7420,1,True
69,69,35545856,35553760,7904,0,35553744,35553748,69,__unmapped__/file_00069,2228224,6456,0c181dbe178c492f2b7a6e6cab5eb5c9e72c5d1c861809b95a0a7e82815dd18d,6456,1,True
70,70,35881664,35943456,61440,352,35941208,35941212,70,__unmapped__/file_00070,2234880,42784,4d3a0f288aaa1cef8bc12e1ce5febf142bb0d4bfc536f5935387b959037b042e,42784,1,True
71,71,35943456,35965856,22240,160,35965636,35965640,71,__unmapped__/file_00071,2277888,16156,951a397b5a99601bdee18f3c4ca799eb501ee49ab580ed1023853b22b24032dd,16156,1,True
72,72,35881664,35898144,16192,288,35897000,35897004,72,__unmapped__/file_00072,2294272,11696,6675415f31e7f8e76b3e5f7b27e3f91a2eecf0f7d5e3fd74f4e1025a30398d8c,11696,1,True
73,73,35545856,35566432,20544,32,35566008,35566012,73,__unmapped__/file_00073,2306048,15276,e4eb88fae306ca98c1c1c464092bd2af688914c5d10ff2dc481bb2d906a6dcd4,15276,1,True
74,74,35813984,35910656,90144,6528,35898792,35898796,74,__unmapped__/file_00074,2321408,67460,db1f4f1f853e7a4296f212137e4e0e4d2e3d0442d18105376be94cf0562ffa4a,67460,1,True
75,75,35943456,35956416,12928,32,35956164,35956168,75,__unmapped__/file_00075,2388992,9052,cba3d9d1d46d4e793c3617f68beaaaee49ea228bb4713f2629e9d55f088e272f,9052,1,True
76,76,35545856,35557664,11808,0,35557636,35557640,76,__unmapped__/file_00076,2398208,7624,adafd39d747b7a25d3a9d1a34e811d7d39d8990f57e22c448481cc403488b9a2,7624,1,True
77,77,35545856,35545888,32,0,35545856,35545860,77,__unmapped__/file_00077,2405888,20,07d1d94d7d3269a1155925f01090a020e40387e8e8998fc3b4a1a3c633ca4d46,20,1,True
78,78,35545856,35550016,4160,0,35549980,35549984,78,__unmapped__/file_00078,2406400,3232,f78e00820891951e248007d8b86e5c3ca6cdf9bf0375be7f13b06faedf7cfaff,3232,1,True
79,79,35825888,35825920,32,0,35825888,35825892,79,__unmapped__/file_00079,2409984,20,07d1d94d7d3269a1155925f01090a020e40387e8e8998fc3b4a1a3c633ca4d46,20,1,True
80,80,35825888,35907424,81504,32,35907092,35907096,80,__unmapped__/file_00080,2410496,61548,ffea7414b8dc9fbe678a9351b5ba50352a78737cd9ab6ade12b06c37528dadab,61548,1,True
81,81,35907424,35930720,23296,0,35930704,35930708,81,__unmapped__/file_00081,2472448,16384,5088790e9ab7809e8b37777830eaf858044acfac84bc8ace139b77c8cd86f07a,16384,1,True
82,82,35907424,35916064,8640,0,35916056,35916060,82,__unmapped__/file_00082,2488832,6984,bd98d9f1d8c91c08711e44fe2ded28d42092ee6ff2206a6e4bd897ecaa19392a,6984,1,True
83,83,35907424,35950688,43264,0,35950680,35950684,83,__unmapped__/file_00083,2496000,31548,7c36cb386d4b9802062eb5d422185e7bade9f12653f5bb1f94471f1e7018b393,31548,1,True
84,84,35907424,35914816,7360,32,35914756,35914760,84,__unmapped__/file_00084,2527744,5820,80e0a350d3fadd525d007be13d9700ba4ff9668118d866b08185355a1e610b3c,5820,1,True
85,85,35545856,35566784,20928,0,35566688,35566692,85,__unmapped__/file_00085,2533888,16332,111213639731e58a50ca7c235ac816be82c296df2bb5c7a1bf32d0880efaeadf,16332,1,True
86,86,35545856,35556608,10752,0,35556600,35556604,86,__unmapped__/file_00086,2550272,7600,1eff0ae9a8069ac7209349ae0d18a9193046536bf92c3196d0124dc639005661,7600,1,True
87,87,35545856,35557088,11232,0,35557040,35557044,87,__unmapped__/file_00087,2557952,8568,4d93107b58febac33b197d4e41b84c8191303095b0473ae75afed7e3826947c7,8568,1,True
88,88,36016640,36021376,4736,0,36021324,36021328,88,__unmapped__/file_00088,2566656,4116,ba089b6ace9f0aa50fdda0660f4f4c9b9995e89771dd95f133bb55be9225698b,4116,1,True
89,89,36016640,36036736,20096,0,36036708,36036712,89,__unmapped__/file_00089,2571264,14092,63fd88e9c156f8fe6b92e64d2ffd42688f087a480b23f2ab7ae6b2cfd9a69aca,14092,1,True
90,90,36016640,36032320,15680,0,36032312,36032316,90,__unmapped__/file_00090,2585600,12676,c975991445796218563e81976ddc86a1430c49d9ae4088712c98b2712139caea,12676,1,True
91,91,36032320,36057600,25216,64,36057524,36057528,91,__unmapped__/file_00091,2598400,19228,43cb59f97f2bb2df681804750fe3409bdac53350c73e0988a6b9a808d6cd2e5d,19228,1,True
92,92,36032320,36064096,31776,0,36063752,36063756,92,__unmapped__/file_00092,2617856,22068,c27d5d7e0dfef65bcd0e29f05bd21b248a0e0524999c8f4d44a9656f8eb7a480,22068,1,True
93,93,36032320,36059968,27648,0,36059956,36059960,93,__unmapped__/file_00093,2640384,21684,96aad22e536ed185049dd6bf15ed300e1fb8367d5be1765995caa1cb4e6e1a49,21684,1,True
94,94,35545856,35546912,1056,0,35546904,35546908,94,__unmapped__/file_00094,2662400,988,a03443e18c0f7cfb99c866fad8d1ad7969561b2882cd50914be02ea5d3136f7e,988,1,True
95,95,35545856,35553984,8128,0,35553972,35553976,95,__unmapped__/file_00095,2663424,5968,ace711ea2d6a771077a2a82d08cf546d32ee6ce1fac876f44df47316089b893f,5968,1,True
96,96,35545856,35778496,230304,2336,35775464,35775468,96,__unmapped__/file_00096,2669568,184460,8ae51ae482f8f18eca2e0957e071c3f5c82bfa2417e8e5765364f69b24a865f8,184460,1,True
97,97,35778496,35784576,6080,0,35784568,35784572,97,__unmapped__/file_00097,2854400,4724,c9b39af6cc718901df42aa6f8387d8c27b94a63413366eec8d47ed1cd0b63927,4724,1,True
98,98,35778496,35781760,3264,0,35781744,35781748,98,__unmapped__/file_00098,2859520,2848,808c26c86d3ee3d98c7ee9e760bde1fe640cc8292aacda9d3e6fc06df21f6794,2848,1,True
99,99,35545856,35565568,19712,0,35565476,35565480,99,__unmapped__/file_00099,2862592,13692,167054fa3290c2daf65be7b75fb23ed1d2e1637b9f22550aff9b0c41cb22c506,13692,1,True
100,100,35545856,35553600,7744,0,35553556,35553560,100,__unmapped__/file_00100,2876416,5984,c5797ec1d61b04b920ec965ce278ce4815ecb735381d0abfd217fa5d04e7f839,5984,1,True
101,101,35553600,35634432,80832,0,35634364,35634368,101,__unmapped__/file_00101,2882560,53968,56a1fea458be7665e23b7beb121c70f5bc5f73dfbb3a94dd99e481a959d20188,53968,1,True
102,102,35553600,35574592,20992,0,35574584,35574588,102,__unmapped__/file_00102,2936832,15780,453f93b854290bf5c598a77dd5130140bc5766b06dbed9a1cc1e8e125184418d,15780,1,True
103,103,35574592,35584640,10048,0,35584608,35584612,103,__unmapped__/file_00103,2952704,7444,06bfaa03cb90dab3666327dce1d11af99da734372cd8c6ae8714e0eb9360a429,7444,1,True
104,104,35545856,35547936,2080,0,35547720,35547724,104,__unmapped__/file_00104,2960384,1800,2f4fdcad97eccba0b892b47caf5dc54b092351c4d94802ae50a3906fbf018328,1800,1,True
105,105,35545856,35547328,1472,0,35547260,35547264,105,__unmapped__/file_00105,2962432,1332,828a9c8aec4e4a557da511055ab4f0305fd0c16e0b080a06218a8357d59ad562,1332,1,True
106,106,35545856,35557440,11584,0,35557428,35557432,106,__unmapped__/file_00106,2963968,5828,f14e73fa5f5fb00541caff4db095c95e80eebabf7f462cef8a8ac1a91136f77e,5828,1,True
107,107,35545856,35545888,32,0,35545856,35545860,107,__unmapped__/file_00107,2970112,20,07d1d94d7d3269a1155925f01090a020e40387e8e8998fc3b4a1a3c633ca4d46,20,1,True
108,108,35545856,35567456,21600,0,35567436,35567440,108,__unmapped__/file_00108,2970624,16668,e2c4b451ad606e460a9a8c6ad495f6749286d9fd33735839ec899a5a4030c081,16668,1,True
109,109,35545856,35554624,8768,0,35554596,35554600,109,__unmapped__/file_00109,2987520,6452,bbcb9e8d22ed19a14fc23dae2802101017428175655e58f370be225e54c1fa70,6452,1,True
110,110,35545856,35551776,5920,0,35551732,35551736,110,__unmapped__/file_00110,2994176,4708,89787010fa99922004ded28a53cc9d1e15ac6c7ff58bc89c130641a124132776,4708,1,True
111,111,35545856,35551072,5216,0,35551024,35551028,111,__unmapped__/file_00111,2999296,4260,8767e5f235ae5bfca9ebdb325dc27a679b02b2a70e9f5d281963c50e6f6e5351,4260,1,True
112,112,35545856,35653248,106688,704,35651284,35651288,112,__unmapped__/file_00112,3003904,60880,b8b4449be779d7bc52ca510799ef894fabb64f502038be24d9bf37e1135a4972,60880,1,True
113,113,35545856,35551104,5248,0,35551088,35551092,113,__unmapped__/file_00113,3064832,4052,5bec27053c6c8689eb95a1121ef80752d5a1aaddd066d1a518bbf3ef7127d191,4052,1,True
114,114,36043104,36044352,1248,0,36044344,36044348,114,__unmapped__/file_00114,3068928,1064,bb61d0f39d78e3a030bd6efe5dc6537a7e175c6683419d875d8c7273255ebae7,1064,1,True
115,115,36043104,36048448,5344,0,36048432,36048436,115,__unmapped__/file_00115,3070464,3840,de849d7c59daef5cecaea7b7bb48fead94683ec24c7c05b788822814ae7dd5b0,3840,1,True
116,116,36043104,36044224,1120,0,36044204,36044208,116,__unmapped__/file_00116,3074560,856,bd92be30e5101e2753249dc7b11e9b7905a429dd7d2486067ae7afcf1e158507,856,1,True
117,117,36043104,36046080,2976,0,36046068,36046072,117,__unmapped__/file_00117,3075584,2496,d22a313631a69030cd9c981b0d66f82139476a84f8d47101052e7051105d714d,2496,1,True
118,118,36043104,36043776,672,0,36043752,36043756,118,__unmapped__/file_00118,3078144,580,394027515092abc8b9b65aabf1582f8e9cd940411c40ed7efb690e8f67a0f9be,580,1,True
119,119,36043104,36049024,5920,0,36049004,36049008,119,__unmapped__/file_00119,3079168,4052,670ce601c73ea5bc46c8a0c4aff77fc55316a9559b8377c2812f2489be83584a,4052,1,True
120,120,36043104,36048032,4928,0,36048004,36048008,120,__unmapped__/file_00120,3083264,3740,7941c8403369862d907927a90afec2b8fcdce5d9cb42c41262a764922094b147,3740,1,True
121,121,35545856,35552160,6304,0,35552148,35552152,121,__unmapped__/file_00121,3087360,5024,649bd5d3c397326f4082e87fb0ae2aff4ac5a85b185c4166ce7ef3553f471b35,5024,1,True
122,122,35545856,35562944,17088,0,35562884,35562888,122,__unmapped__/file_00122,3092480,12280,2e6d278d9364ef974e33d36ed9413efb8ad1955df28b49341e63b966662db3b0,12280,1,True
123,123,36043104,36050272,7136,32,36050204,36050228,123,__unmapped__/file_00123,3104768,3964,0b630b2ee619df3712f9e844a6d79bb1e4fd6824d5de2497a6ecd929db0316c7,3964,1,True
124,124,36050272,36050624,352,0,36050608,36050612,124,__unmapped__/file_00124,3108864,352,2fe3deb1b7ecab2c8fd01ec8f2a47850314a249442224983123db663004200b3,0,0,False
125,125,36050272,36050304,32,0,36050272,36050276,125,__unmapped__/file_00125,3109376,20,07d1d94d7d3269a1155925f01090a020e40387e8e8998fc3b4a1a3c633ca4d46,20,1,True
126,126,36050272,36050304,32,0,36050272,36050276,126,__unmapped__/file_00126,3109888,20,07d1d94d7d3269a1155925f01090a020e40387e8e8998fc3b4a1a3c633ca4d46,20,1,True
127,127,36050272,36050304,32,0,36050272,36050276,127,__unmapped__/file_00127,3110400,20,07d1d94d7d3269a1155925f01090a020e40387e8e8998fc3b4a1a3c633ca4d46,20,1,True
128,128,36050272,36050304,32,0,36050272,36050276,128,__unmapped__/file_00128,3110912,20,07d1d94d7d3269a1155925f01090a020e40387e8e8998fc3b4a1a3c633ca4d46,20,1,True
