kind,offset,end,size,sha256,uniform_byte
unreferenced_within_used_rom,781592,781824,232,254a48e0ae94a2b1ef6d250599d9a0f32071c7fc0ccdb6d1bc670494526faf09,
unreferenced_within_used_rom,785952,786432,480,bf9b62d4418d862aa0826a28a846948151da66b8042967382ca6bfd6d7d1cdb2,ff
unreferenced_within_used_rom,916192,916480,288,c49fd3b652e068233b78f7300696e2201ddf3932072b8b303de297e7d0354827,ff
unreferenced_within_used_rom,1026960,1027072,112,d583aef59874543a14822c32be48385b86bd239a918575d36cf695b0eb1e0c1c,ff
unreferenced_within_used_rom,1070036,1070080,44,463d5921a6bfd5c98f6047f561495800372e627c07ce458c23b7ac164a22be51,ff
unreferenced_within_used_rom,1086840,1086976,136,b37c47f42e74edc6a9bdfa65206dcda5a80eaaa3c3eee9b361636536d81a1f89,ff
unreferenced_within_used_rom,1098816,1099264,448,ad948f3d279d42aeebf35cfdca0a9692de056c8286104fc0c96fc728f61a9c07,ff
unreferenced_within_used_rom,1109276,1109504,228,51dfb9f85859cf70e17b9950249dd65ad033e12d05710abb421af77b4e5b7edf,ff
unreferenced_within_used_rom,1110284,1110528,244,17e41f65b709ecc118fa639b1d4367396bfd42e63acd399059801ac48398a317,ff
unreferenced_within_used_rom,1189088,1189376,288,c49fd3b652e068233b78f7300696e2201ddf3932072b8b303de297e7d0354827,ff
unreferenced_within_used_rom,1218740,1219072,332,f175b06eed005da8da3258bbb9302e5cf74ffc5fb7a85fe418ae1d20f5f7f97b,ff
unreferenced_within_used_rom,1219092,1219584,492,1e129a53e316de73b1c3f207144bde598aeb948a48062d905624507b8923d752,ff
unreferenced_within_used_rom,1247240,1247744,504,c00173cde437c86c96c67f70c1a2514bbe571e4c9649e8f4b36277f9a555380f,ff
unreferenced_within_used_rom,1247764,1248256,492,1e129a53e316de73b1c3f207144bde598aeb948a48062d905624507b8923d752,ff
unreferenced_within_used_rom,1410804,1411072,268,46ca69b2baab6a254196d2b8d4cc5cfeaf0a49a3a9e98e078197d5cecbf01ba8,ff
unreferenced_within_used_rom,1521648,1521664,16,5ac6a5945f16500911219129984ba8b387a06f24fe383ce4e81a73294065461b,ff
unreferenced_within_used_rom,1573228,1573376,148,b0883db6a4d742caa0d111a0b067c4e966d09eab650e889b1836de04b259988f,ff
unreferenced_within_used_rom,1596268,1596416,148,b0883db6a4d742caa0d111a0b067c4e966d09eab650e889b1836de04b259988f,ff
unreferenced_within_used_rom,1597936,1597952,16,5ac6a5945f16500911219129984ba8b387a06f24fe383ce4e81a73294065461b,ff
unreferenced_within_used_rom,1604644,1605120,476,6014b202385aa136291df620d3de009e948cc020d4e215784a34aebb58b3d855,ff
unreferenced_within_used_rom,1664080,1664512,432,23b08da305801e86e6ab7dd7d5c7d7fb8ad2a6218aa08f42daef1652fe65e872,ff
unreferenced_within_used_rom,1666440,1666560,120,9088fee917e5a748c2f0b4f5458c1cbdabbd696291c69be6e605bae0ef779e8f,ff
unreferenced_within_used_rom,1667436,1667584,148,b0883db6a4d742caa0d111a0b067c4e966d09eab650e889b1836de04b259988f,ff
unreferenced_within_used_rom,1667912,1668096,184,ba151f705f188cd9fcab95d6d24c0da135a4f334778b139684f38b8b4fbe728f,ff
unreferenced_within_used_rom,1668540,1668608,68,45711c71a8ea9075f812520ebd55ac5565beaa67a4a54b7f7768d156e728d926,ff
unreferenced_within_used_rom,1669768,1670144,376,56bc6d5c0d4743f39209256e9aba44cbd0676ef2eadb133d4da64d51b192d3fa,ff
unreferenced_within_used_rom,1671832,1672192,360,107d83b356cec4dfa3f441e7906af332fd9a75704750b5ca2ab98c4a1b3aab44,ff
unreferenced_within_used_rom,1673612,1673728,116,0ac78c2a8932ef08442f30d50a6c3ccd52ad4e92718626a9a207df0ebe33c623,ff
unreferenced_within_used_rom,1674948,1675264,316,6b880372558aa42114039458cbb35c09af6ed5f8247383b43548e20ee0a174fe,ff
unreferenced_within_used_rom,1685384,1685504,120,9088fee917e5a748c2f0b4f5458c1cbdabbd696291c69be6e605bae0ef779e8f,ff
unreferenced_within_used_rom,1690320,1690624,304,d7a0584afe942d1ce0065e1cd4ee75f2f33d12149886eab03463885a59250f3c,ff
unreferenced_within_used_rom,1693808,1694208,400,c323c96b39b5155a4788a606c6fc05571befd551e693af4ec6b7f369cc42a834,ff
unreferenced_within_used_rom,1700680,1700864,184,ba151f705f188cd9fcab95d6d24c0da135a4f334778b139684f38b8b4fbe728f,ff
unreferenced_within_used_rom,1703920,1703936,16,5ac6a5945f16500911219129984ba8b387a06f24fe383ce4e81a73294065461b,ff
unreferenced_within_used_rom,1705240,1705472,232,c80a17673aa3c620f955b53433262f72c351eecccd3679f0a3c50b7e4ee77f13,ff
unreferenced_within_used_rom,1709560,1709568,8,12a3ae445661ce5dee78d0650d33362dec29c4f82af05e7e57fb595bbbacf0ca,ff
unreferenced_within_used_rom,1709632,1710080,448,ad948f3d279d42aeebf35cfdca0a9692de056c8286104fc0c96fc728f61a9c07,ff
unreferenced_within_used_rom,1710860,1711104,244,17e41f65b709ecc118fa639b1d4367396bfd42e63acd399059801ac48398a317,ff
unreferenced_within_used_rom,1718500,1718784,284,6627ad360744b02badddc8173e9b995053da0014db8f5a7511467704235828a3,ff
unreferenced_within_used_rom,1744908,1745408,500,1d616f19a7f411169cf0b3e3e86d5ab075c32b07672cf0b4603377db6fc4f1a3,ff
unreferenced_within_used_rom,1756316,1756672,356,89860ee4975dba3ec6e8865839ce8361c7333cce139c245b9671181f88d56688,ff
unreferenced_within_used_rom,1831532,1831936,404,a135198e2020cd0457aa80bebc3d9f7c248d56128921af794d16cabd200d511c,ff
unreferenced_within_used_rom,1852500,1852928,428,b9a44177b391a391a2e8a6fdd6dd2e8d58a765925f5e13d586d5914e1b812ec9,ff
unreferenced_within_used_rom,1861704,1862144,440,ccfdb707841cc9878b5aeac45b19e12d90d0250fb83a28bbffc99cc5979a36b6,ff
unreferenced_within_used_rom,1877976,1878016,40,6ecd0f0bd7cf53c56d2129820911a26f815949eee418ca46b4f3d7a80cd969a7,ff
unreferenced_within_used_rom,1911984,1912320,336,77071fc978963dce5058c795643c95c195d0d2506c5f02ff38c09e4c8d6ec517,ff
unreferenced_within_used_rom,2020380,2020864,484,d72674baf21b2f65f74ecc9fbd4985ee3916bead8c4745266ad61b43ab964322,ff
unreferenced_within_used_rom,2023748,2023936,188,129a47b49a3e1a06af4cc9cab579d3a6a6c7f6ab5a17a3f75dd1b09eb9be85e1,ff
unreferenced_within_used_rom,2028924,2029056,132,0cb297d6669024017917eef4a45229fe47c2b47099a514ee62e89bc4874294a5,ff
unreferenced_within_used_rom,2038600,2038784,184,ba151f705f188cd9fcab95d6d24c0da135a4f334778b139684f38b8b4fbe728f,ff
unreferenced_within_used_rom,2093768,2094080,312,26e1989c6b3b3e1b905dcc17405a2767a1a3ebbb76b26ae3ac6b16bfd61c031c,ff
unreferenced_within_used_rom,2094508,2094592,84,4a83aa458b0a2379f2c7a336bd0d936f33d55fa35fd8bf823ba81cdde29725aa,ff
unreferenced_within_used_rom,2102240,2102272,32,af9613760f72635fbdb44a5a0a63c39f12af30f950a6ee5c971be188e89c4051,ff
unreferenced_within_used_rom,2106816,2106880,64,8667e718294e9e0df1d30600ba3eeb201f764aad2dad72748643e4a285e1d1f7,ff
unreferenced_within_used_rom,2116392,2116608,216,a818847102ee5cade5ca790f6888e7eb065d867b31a39b9a9ebc2586d8e4d627,ff
unreferenced_within_used_rom,2121032,2121216,184,ba151f705f188cd9fcab95d6d24c0da135a4f334778b139684f38b8b4fbe728f,ff
unreferenced_within_used_rom,2122000,2122240,240,d6c49417b1ca0a6714dcde2b40010cb7496d05df7f8c8b1b9814097e9d62c8e1,ff
unreferenced_within_used_rom,2126168,2126336,168,d4aeb32717fdf59836f8b090ed470955826756e10de9db193f79fbe5794f110f,ff
unreferenced_within_used_rom,2140224,2140672,448,ad948f3d279d42aeebf35cfdca0a9692de056c8286104fc0c96fc728f61a9c07,ff
unreferenced_within_used_rom,2141736,2142208,472,8976ac95524829e109a8ecf07f8efd7f344493c1e2d7e39919dad95c0bdb3a24,ff
unreferenced_within_used_rom,2157160,2157568,408,90355c2d0a613511985dfe3953a0ac8c28aaf6a4de822db3f2aeae839a584bd9,ff
unreferenced_within_used_rom,2174348,2174464,116,0ac78c2a8932ef08442f30d50a6c3ccd52ad4e92718626a9a207df0ebe33c623,ff
unreferenced_within_used_rom,2180420,2180608,188,129a47b49a3e1a06af4cc9cab579d3a6a6c7f6ab5a17a3f75dd1b09eb9be85e1,ff
unreferenced_within_used_rom,2183704,2184192,488,3832cbd77b14dad756b4023ff2d1c056c45c5402bb2682353f45de66cb5278a7,ff
unreferenced_within_used_rom,2196420,2196480,60,629a5c51b535fbed8cf66fe66ca7d893116c7b7a851db41f079e929680540f58,ff
unreferenced_within_used_rom,2201348,2201600,252,dc6a17c9570845b5667fe6faa1361f05e471f5ab033213aec9b26acc0aab8849,ff
unreferenced_within_used_rom,2214696,2214912,216,a818847102ee5cade5ca790f6888e7eb065d867b31a39b9a9ebc2586d8e4d627,ff
unreferenced_within_used_rom,2214932,2215424,492,1e129a53e316de73b1c3f207144bde598aeb948a48062d905624507b8923d752,ff
unreferenced_within_used_rom,2220256,2220544,288,c49fd3b652e068233b78f7300696e2201ddf3932072b8b303de297e7d0354827,ff
unreferenced_within_used_rom,2227964,2228224,260,7c9a3b8c0380189cccdc5a5db9a3c224f08b92bbda2a2894698e20f2968a4adf,ff
unreferenced_within_used_rom,2234680,2234880,200,d0f9b20e11b4dee02da0e8da52ebeda2c6f00792f241238819f2b280ad10ba33,ff
unreferenced_within_used_rom,2277664,2277888,224,7c2d694d4c46ed5e7bd4243144e171c90d5a628324e239503536f05203339863,ff
unreferenced_within_used_rom,2294044,2294272,228,51dfb9f85859cf70e17b9950249dd65ad033e12d05710abb421af77b4e5b7edf,ff
unreferenced_within_used_rom,2305968,2306048,80,6d92a8ea911d0d96dad7f2d76f2647e8b612e645140157668298db20a9412d4b,ff
unreferenced_within_used_rom,2321324,2321408,84,4a83aa458b0a2379f2c7a336bd0d936f33d55fa35fd8bf823ba81cdde29725aa,ff
unreferenced_within_used_rom,2388868,2388992,124,49400dd2502410d5b6c7222a4261c8dbfa17c8b96b1faf91df4f586761841d76,ff
unreferenced_within_used_rom,2398044,2398208,164,e6cb9c9c356d2ba83ce89493ae74c91ad065fac76eec4d3409211c0b8450f091,ff
unreferenced_within_used_rom,2405832,2405888,56,528ff50ab05e77bbbd224a9ec86165dbb6824a9a9efb544be0a1d57d5b416457,ff
unreferenced_within_used_rom,2405908,2406400,492,1e129a53e316de73b1c3f207144bde598aeb948a48062d905624507b8923d752,ff
unreferenced_within_used_rom,2409632,2409984,352,a8aa961e3bbac0826d6d3fabce5dee4889e5c218e4b1216908e66bc53264d89a,ff
unreferenced_within_used_rom,2410004,2410496,492,1e129a53e316de73b1c3f207144bde598aeb948a48062d905624507b8923d752,ff
unreferenced_within_used_rom,2472044,2472448,404,a135198e2020cd0457aa80bebc3d9f7c248d56128921af794d16cabd200d511c,ff
unreferenced_within_used_rom,2495816,2496000,184,ba151f705f188cd9fcab95d6d24c0da135a4f334778b139684f38b8b4fbe728f,ff
unreferenced_within_used_rom,2527548,2527744,196,3d0b3dca249bd1df25779d65db277be994634971b1c8fdcc971fcf7c400fa8c0,ff
unreferenced_within_used_rom,2533564,2533888,324,18cbd03d016c3e706e120559b5cbba2df58eb41820d292665c0ab277b354c921,ff
unreferenced_within_used_rom,2550220,2550272,52,01028783afa8d55efe67c3967e5405a39640fede4405133b3f1f86a8edcd07dd,ff
unreferenced_within_used_rom,2557872,2557952,80,6d92a8ea911d0d96dad7f2d76f2647e8b612e645140157668298db20a9412d4b,ff
unreferenced_within_used_rom,2566520,2566656,136,b37c47f42e74edc6a9bdfa65206dcda5a80eaaa3c3eee9b361636536d81a1f89,ff
unreferenced_within_used_rom,2570772,2571264,492,1e129a53e316de73b1c3f207144bde598aeb948a48062d905624507b8923d752,ff
unreferenced_within_used_rom,2585356,2585600,244,17e41f65b709ecc118fa639b1d4367396bfd42e63acd399059801ac48398a317,ff
unreferenced_within_used_rom,2598276,2598400,124,49400dd2502410d5b6c7222a4261c8dbfa17c8b96b1faf91df4f586761841d76,ff
unreferenced_within_used_rom,2617628,2617856,228,51dfb9f85859cf70e17b9950249dd65ad033e12d05710abb421af77b4e5b7edf,ff
unreferenced_within_used_rom,2639924,2640384,460,9b8f255bfb88d522281dfdea402175e353e460a09edba88f7d8123d6ee6cb8e6,ff
unreferenced_within_used_rom,2662068,2662400,332,f175b06eed005da8da3258bbb9302e5cf74ffc5fb7a85fe418ae1d20f5f7f97b,ff
unreferenced_within_used_rom,2663388,2663424,36,c38236f1e6d5ba2e8616b0c8a115bf8bf0814ddae740ac6cbea93d063417cd0e,ff
unreferenced_within_used_rom,2669392,2669568,176,e0f927b817cce657b4a9967ca2b69f164bd9129f1e5de56c379c4e5f5c4b91c7,ff
unreferenced_within_used_rom,2854028,2854400,372,60f51c3aabf0d52047e4c17a90dff09ba184e7184c8cdcca650f9e33def5c5d2,ff
unreferenced_within_used_rom,2859124,2859520,396,481ac674a6d701121f3a00411c9d9d4ce20a5fb1a0c7fcccc22d020493dc261a,ff
unreferenced_within_used_rom,2862368,2862592,224,7c2d694d4c46ed5e7bd4243144e171c90d5a628324e239503536f05203339863,ff
unreferenced_within_used_rom,2876284,2876416,132,0cb297d6669024017917eef4a45229fe47c2b47099a514ee62e89bc4874294a5,ff
unreferenced_within_used_rom,2882400,2882560,160,0052516839b94ee314a4e3b398c8036de3790d672194987a394ee60323848539,ff
unreferenced_within_used_rom,2936528,2936832,304,d7a0584afe942d1ce0065e1cd4ee75f2f33d12149886eab03463885a59250f3c,ff
unreferenced_within_used_rom,2952612,2952704,92,f7b17d2718fb1c33c3f11a2ec0b20bc08a365fa6b3700dc45cfbe5dae8ca3d73,ff
unreferenced_within_used_rom,2960148,2960384,236,d0e58b2b56b917140512e75422d45520ce2881d70b6b5bd52c46f8c40a62a535,ff
unreferenced_within_used_rom,2962184,2962432,248,02eac1ae8a6a00237269d7713f65ed7af685b76695978616e5ca1992b75a2101,ff
unreferenced_within_used_rom,2963764,2963968,204,dc6c9c43af3a1e4a3102286e5784afbd26f393dabf9b59b4cf3b74e9b6dce2ee,ff
unreferenced_within_used_rom,2969796,2970112,316,6b880372558aa42114039458cbb35c09af6ed5f8247383b43548e20ee0a174fe,ff
unreferenced_within_used_rom,2970132,2970624,492,1e129a53e316de73b1c3f207144bde598aeb948a48062d905624507b8923d752,ff
unreferenced_within_used_rom,2987292,2987520,228,51dfb9f85859cf70e17b9950249dd65ad033e12d05710abb421af77b4e5b7edf,ff
unreferenced_within_used_rom,2993972,2994176,204,dc6c9c43af3a1e4a3102286e5784afbd26f393dabf9b59b4cf3b74e9b6dce2ee,ff
unreferenced_within_used_rom,2998884,2999296,412,44b03ad76bc1e6498336c7726478ac787c4b03f1e01ed6d4302136f5a2e11689,ff
unreferenced_within_used_rom,3003556,3003904,348,b785bdc93c624e42e657229dccff5903187e3f6c11684eb685c0851ec881bac5,ff
unreferenced_within_used_rom,3064784,3064832,48,80a76a18acf8cb64fec3a659ffc4bab4a87cd9a6fde4dab2161a8751d136c9d2,ff
unreferenced_within_used_rom,3068884,3068928,44,463d5921a6bfd5c98f6047f561495800372e627c07ce458c23b7ac164a22be51,ff
unreferenced_within_used_rom,3069992,3070464,472,8976ac95524829e109a8ecf07f8efd7f344493c1e2d7e39919dad95c0bdb3a24,ff
unreferenced_within_used_rom,3074304,3074560,256,3d6876a0146de8576eb2395a858de1213d1b92c65b779df3a331cfd5a4584546,ff
unreferenced_within_used_rom,3075416,3075584,168,d4aeb32717fdf59836f8b090ed470955826756e10de9db193f79fbe5794f110f,ff
unreferenced_within_used_rom,3078080,3078144,64,8667e718294e9e0df1d30600ba3eeb201f764aad2dad72748643e4a285e1d1f7,ff
unreferenced_within_used_rom,3078724,3079168,444,eeca29ad5a2734765a695ea6f30c8aa13ba52ff0c26105a2016e61adf4de5b65,ff
unreferenced_within_used_rom,3083220,3083264,44,463d5921a6bfd5c98f6047f561495800372e627c07ce458c23b7ac164a22be51,ff
unreferenced_within_used_rom,3087004,3087360,356,89860ee4975dba3ec6e8865839ce8361c7333cce139c245b9671181f88d56688,ff
unreferenced_within_used_rom,3092384,3092480,96,ce65609cc564ce3d8cb72d46bc44cd5495afbad7bc61b5edfa0799baa5063191,ff
unreferenced_within_used_rom,3104760,3104768,8,12a3ae445661ce5dee78d0650d33362dec29c4f82af05e7e57fb595bbbacf0ca,ff
unreferenced_within_used_rom,3108732,3108864,132,0cb297d6669024017917eef4a45229fe47c2b47099a514ee62e89bc4874294a5,ff
unreferenced_within_used_rom,3109216,3109376,160,0052516839b94ee314a4e3b398c8036de3790d672194987a394ee60323848539,ff
unreferenced_within_used_rom,3109396,3109888,492,1e129a53e316de73b1c3f207144bde598aeb948a48062d905624507b8923d752,ff
unreferenced_within_used_rom,3109908,3110400,492,1e129a53e316de73b1c3f207144bde598aeb948a48062d905624507b8923d752,ff
unreferenced_within_used_rom,3110420,3110912,492,1e129a53e316de73b1c3f207144bde598aeb948a48062d905624507b8923d752,ff
unreferenced_within_used_rom,3110932,3111424,492,1e129a53e316de73b1c3f207144bde598aeb948a48062d905624507b8923d752,ff
unreferenced_within_used_rom,3272920,3273216,296,a0f4ca44a8d75a80222d8c564cf2d62fdc724c078d03da81d237b7a123384a55,ff
unreferenced_within_used_rom,3276100,3276288,188,129a47b49a3e1a06af4cc9cab579d3a6a6c7f6ab5a17a3f75dd1b09eb9be85e1,ff
unreferenced_within_used_rom,3280376,3280384,8,12a3ae445661ce5dee78d0650d33362dec29c4f82af05e7e57fb595bbbacf0ca,ff
unreferenced_within_used_rom,3283008,3283456,448,ad948f3d279d42aeebf35cfdca0a9692de056c8286104fc0c96fc728f61a9c07,ff
unreferenced_within_used_rom,3283946,3283968,22,4cee7060fc85c66cdb7830ad2a6e09c8fbb0e9173276bee9df0744c2735e2fda,ff
unreferenced_within_used_rom,3285973,3286016,43,19462e5b80722887fa57a95767d166bee09cf097b4f393c05712515637133bbe,ff
unreferenced_within_used_rom,3288040,3288064,24,44a5f7891570e5631e8c91c85186e6633f4ab5364f644040b2a00126a07985b6,ff
unreferenced_within_used_rom,3290178,3290624,446,9c58454325fa649676169e228d9f0e636722befe895028eee13145a50718784c,ff
unreferenced_within_used_rom,3299000,3299328,328,5d02867c4fcc298bca28ab8ca437e646368ca7fd26184c71048bbb4fe570df1a,ff
unreferenced_within_used_rom,3301412,3301888,476,6014b202385aa136291df620d3de009e948cc020d4e215784a34aebb58b3d855,ff
unreferenced_within_used_rom,3310128,3310592,464,68ae0bd29c78321dd0733e60db7396cedb242552dc4741e9dbebc09106a819c3,ff
unreferenced_within_used_rom,3311144,3311616,472,8976ac95524829e109a8ecf07f8efd7f344493c1e2d7e39919dad95c0bdb3a24,ff
unreferenced_within_used_rom,3311727,3312128,401,87b3e52e2734abf57bb41d2b88b9a13d910ad6979f7442eeea5c4b448ff33f45,ff
unreferenced_within_used_rom,3315460,3315712,252,dc6a17c9570845b5667fe6faa1361f05e471f5ab033213aec9b26acc0aab8849,ff
unreferenced_within_used_rom,3788332,3788800,468,72ea1f236b489fb91b63f41859d566d5f05c463fff88b1ddfe13ca5a585e353a,ff
unreferenced_within_used_rom,3789168,3789312,144,d169f6754229c200ba4838a38e4894c03c47ce8939db4b7a11c224921b982521,ff
unreferenced_within_used_rom,3789864,3790336,472,8976ac95524829e109a8ecf07f8efd7f344493c1e2d7e39919dad95c0bdb3a24,ff
unreferenced_within_used_rom,3790470,3790848,378,4aa99749fb2482d95c13a7d09cf43f6d489b681c09601060b2b718ed93ecb5ae,ff
unreferenced_within_used_rom,3790982,3791360,378,4aa99749fb2482d95c13a7d09cf43f6d489b681c09601060b2b718ed93ecb5ae,ff
unreferenced_within_used_rom,3792760,3792896,136,b37c47f42e74edc6a9bdfa65206dcda5a80eaaa3c3eee9b361636536d81a1f89,ff
unreferenced_within_used_rom,4266788,4267008,220,77cc87a375a23d5286b58d4a3dbf89efc94a5b2000a5ccf9f6fddca1acb8f4ac,ff
unreferenced_within_used_rom,4301320,4301824,504,c00173cde437c86c96c67f70c1a2514bbe571e4c9649e8f4b36277f9a555380f,ff
unreferenced_within_used_rom,4322076,4322304,228,51dfb9f85859cf70e17b9950249dd65ad033e12d05710abb421af77b4e5b7edf,ff
unreferenced_within_used_rom,4324340,4324352,12,8688d249e9d047b4fc2fb89ce05afe9ec89252ffccdd969de6eef260dd7ffb21,ff
unreferenced_within_used_rom,4357168,4357632,464,68ae0bd29c78321dd0733e60db7396cedb242552dc4741e9dbebc09106a819c3,ff
unreferenced_within_used_rom,4358184,4358656,472,8976ac95524829e109a8ecf07f8efd7f344493c1e2d7e39919dad95c0bdb3a24,ff
unreferenced_within_used_rom,4360740,4361216,476,6014b202385aa136291df620d3de009e948cc020d4e215784a34aebb58b3d855,ff
unreferenced_within_used_rom,4552940,4553216,276,74e91c3d013885cbf7a6de3e5fd0fb1647795a99f24303973515ea71e3289491,ff
unreferenced_within_used_rom,4553236,4553728,492,1e129a53e316de73b1c3f207144bde598aeb948a48062d905624507b8923d752,ff
unreferenced_within_used_rom,4557880,4558336,456,533b679819f1499a60329c47caf2ad7496fc6180ff3936ea2f39419b53adda34,ff
unreferenced_within_used_rom,4562768,4562944,176,e0f927b817cce657b4a9967ca2b69f164bd9129f1e5de56c379c4e5f5c4b91c7,ff
unreferenced_within_used_rom,4567432,4567552,120,9088fee917e5a748c2f0b4f5458c1cbdabbd696291c69be6e605bae0ef779e8f,ff
unreferenced_within_used_rom,4568952,4569088,136,b37c47f42e74edc6a9bdfa65206dcda5a80eaaa3c3eee9b361636536d81a1f89,ff
unreferenced_within_used_rom,4573576,4573696,120,9088fee917e5a748c2f0b4f5458c1cbdabbd696291c69be6e605bae0ef779e8f,ff
unreferenced_within_used_rom,4575096,4575232,136,b37c47f42e74edc6a9bdfa65206dcda5a80eaaa3c3eee9b361636536d81a1f89,ff
unreferenced_within_used_rom,4575944,4576256,312,26e1989c6b3b3e1b905dcc17405a2767a1a3ebbb76b26ae3ac6b16bfd61c031c,ff
unreferenced_within_used_rom,4609072,4609536,464,68ae0bd29c78321dd0733e60db7396cedb242552dc4741e9dbebc09106a819c3,ff
unreferenced_within_used_rom,4610088,4610560,472,8976ac95524829e109a8ecf07f8efd7f344493c1e2d7e39919dad95c0bdb3a24,ff
unreferenced_within_used_rom,4610956,4611072,116,0ac78c2a8932ef08442f30d50a6c3ccd52ad4e92718626a9a207df0ebe33c623,ff
unreferenced_within_used_rom,4611648,4612096,448,ad948f3d279d42aeebf35cfdca0a9692de056c8286104fc0c96fc728f61a9c07,ff
unreferenced_within_used_rom,4612672,4613120,448,ad948f3d279d42aeebf35cfdca0a9692de056c8286104fc0c96fc728f61a9c07,ff
unreferenced_within_used_rom,4613672,4614144,472,8976ac95524829e109a8ecf07f8efd7f344493c1e2d7e39919dad95c0bdb3a24,ff
unreferenced_within_used_rom,4702532,4702720,188,129a47b49a3e1a06af4cc9cab579d3a6a6c7f6ab5a17a3f75dd1b09eb9be85e1,ff
unreferenced_within_used_rom,4702883,4703232,349,9f5f6da9502bbccf678df3841130f1cd8cffd1770e333fce161142017ebe37e3,ff
unreferenced_within_used_rom,4703447,4703744,297,8b01870c3dd1f31615e22bd2c3a36f8ad97d31aba4d26467d10ae14bff531869,ff
unreferenced_within_used_rom,4706992,4707328,336,77071fc978963dce5058c795643c95c195d0d2506c5f02ff38c09e4c8d6ec517,ff
unreferenced_within_used_rom,4707880,4708352,472,8976ac95524829e109a8ecf07f8efd7f344493c1e2d7e39919dad95c0bdb3a24,ff
unreferenced_within_used_rom,4708463,4708864,401,87b3e52e2734abf57bb41d2b88b9a13d910ad6979f7442eeea5c4b448ff33f45,ff
unreferenced_within_used_rom,4708963,4709376,413,1c99d1961e9394a47f6551c31c5a343765c152b3a53396c9f849d6e05a5978d2,ff
unreferenced_within_used_rom,4709936,4710400,464,68ae0bd29c78321dd0733e60db7396cedb242552dc4741e9dbebc09106a819c3,ff
unreferenced_within_used_rom,4710952,4711424,472,8976ac95524829e109a8ecf07f8efd7f344493c1e2d7e39919dad95c0bdb3a24,ff
unreferenced_within_used_rom,4716256,4716544,288,c49fd3b652e068233b78f7300696e2201ddf3932072b8b303de297e7d0354827,ff
unreferenced_within_used_rom,4717136,4717568,432,23b08da305801e86e6ab7dd7d5c7d7fb8ad2a6218aa08f42daef1652fe65e872,ff
unreferenced_within_used_rom,4718160,4718592,432,23b08da305801e86e6ab7dd7d5c7d7fb8ad2a6218aa08f42daef1652fe65e872,ff
unreferenced_within_used_rom,4719184,4719616,432,23b08da305801e86e6ab7dd7d5c7d7fb8ad2a6218aa08f42daef1652fe65e872,ff
unreferenced_within_used_rom,4720208,4720640,432,23b08da305801e86e6ab7dd7d5c7d7fb8ad2a6218aa08f42daef1652fe65e872,ff
unreferenced_within_used_rom,4727060,4727296,236,d0e58b2b56b917140512e75422d45520ce2881d70b6b5bd52c46f8c40a62a535,ff
unreferenced_within_used_rom,4728028,4728320,292,08e9ada57327ffb9e4bcaed1be7d8ad94b085b2a99318313105c1531ac8d1539,ff
unreferenced_within_used_rom,4739804,4740096,292,08e9ada57327ffb9e4bcaed1be7d8ad94b085b2a99318313105c1531ac8d1539,ff
unreferenced_within_used_rom,4740708,4741120,412,44b03ad76bc1e6498336c7726478ac787c4b03f1e01ed6d4302136f5a2e11689,ff
unreferenced_within_used_rom,4764800,4765184,384,a292bc4a1d8d3caa7dd32d1858f7d642a27373526b84cde7df8634faad708d2a,ff
unreferenced_within_used_rom,4766868,4767232,364,9022bdd06c8eb4395f9b070b3b1d9e3c4d0e737da54c52267a846aa92eacf847,ff
unreferenced_within_used_rom,4771888,4772352,464,68ae0bd29c78321dd0733e60db7396cedb242552dc4741e9dbebc09106a819c3,ff
unreferenced_within_used_rom,4772904,4773376,472,8976ac95524829e109a8ecf07f8efd7f344493c1e2d7e39919dad95c0bdb3a24,ff
unreferenced_within_used_rom,4789464,4789760,296,a0f4ca44a8d75a80222d8c564cf2d62fdc724c078d03da81d237b7a123384a55,ff
unreferenced_within_used_rom,4790009,4790272,263,26e10ca324dc040fbb0319dc846dc4b9e3d8b88571f81b0880ad87d503aae267,ff
unreferenced_within_used_rom,4790537,4790784,247,06b871cb3b614fa6ad067ada4897f7a86ef78b7bd17210bd9f75cd636dbc3b13,ff
unreferenced_within_used_rom,4790998,4791296,298,8b462e9247e1991407060791bcb43913c7e286eb18f2cf9fd81f731c302f8638,ff
unreferenced_within_used_rom,4791458,4791808,350,317177f2882e36166318ad4a5f4252528011a1cae6cedb6ea2cfeade7f2284a2,ff
unreferenced_within_used_rom,4793136,4793344,208,86ff85227f7cc42cc3293ebdeeb10d8660b51eb429dd1d6c999ddf14cb59db73,ff
unreferenced_within_used_rom,4926364,4926464,100,da6f14970ce356ce01a5b340291e9d8b2652eb63fbf8f328ca6a87a727fde4d9,ff
unreferenced_within_used_rom,4940904,4941312,408,90355c2d0a613511985dfe3953a0ac8c28aaf6a4de822db3f2aeae839a584bd9,ff
unreferenced_within_used_rom,5063084,5063168,84,4a83aa458b0a2379f2c7a336bd0d936f33d55fa35fd8bf823ba81cdde29725aa,ff
unreferenced_within_used_rom,5082984,5083136,152,98a1a382b32ccf7bc6d87cda8c196485641b07ee46a1b1d3748788e197fe985b,ff
unreferenced_within_used_rom,5124660,5125120,460,9b8f255bfb88d522281dfdea402175e353e460a09edba88f7d8123d6ee6cb8e6,ff
unreferenced_within_used_rom,6054972,6055424,452,6289fac571df68bb15a3891d511d6b6234b515a991584dc08c33a128d2fdc35e,ff
unreferenced_within_used_rom,6119080,6119424,344,3037f064706622ffeb6597ff97546c1192c6adcddfefb0c8cb71c4b2de4f7ddd,ff
unreferenced_within_used_rom,6120000,6120448,448,ad948f3d279d42aeebf35cfdca0a9692de056c8286104fc0c96fc728f61a9c07,ff
unreferenced_within_used_rom,6135116,6135296,180,e08c7a0233fe3424e06449f8b19133016749482cba857f59774d4b29267990e0,ff
unreferenced_within_used_rom,6286260,6286336,76,f23d9ee2ba3f908b1532a10c56526e78f2bafed3757a4f9b95866159473dd4f9,ff
unreferenced_within_used_rom,6286912,6287360,448,ad948f3d279d42aeebf35cfdca0a9692de056c8286104fc0c96fc728f61a9c07,ff
unreferenced_within_used_rom,6287912,6288384,472,8976ac95524829e109a8ecf07f8efd7f344493c1e2d7e39919dad95c0bdb3a24,ff
unreferenced_within_used_rom,6289472,6289920,448,ad948f3d279d42aeebf35cfdca0a9692de056c8286104fc0c96fc728f61a9c07,ff
unreferenced_within_used_rom,14950016,14950400,384,a292bc4a1d8d3caa7dd32d1858f7d642a27373526b84cde7df8634faad708d2a,ff
unreferenced_within_used_rom,14957148,14957568,420,b449e6715cd9f24c641fd6d991ae5c12cf02d7d85c4aad2af4d9c2d9c03f1ab0,ff
unreferenced_within_used_rom,17354872,17355264,392,85ae98a61d8c46c891b84e682824c4a79ff779f8c8d3911c85c04147ba80b2bf,ff
unreferenced_within_used_rom,18782120,18782208,88,fc351643198ac4ec4e78649c99ad06b4cd45b554005990cdc70e520b49dd9bf0,ff
unreferenced_within_used_rom,18786504,18786816,312,26e1989c6b3b3e1b905dcc17405a2767a1a3ebbb76b26ae3ac6b16bfd61c031c,ff
unreferenced_within_used_rom,18788672,18788864,192,8f62c344eff1568474fb693b8c18526629db443b9653a84264189c97693605de,ff
unreferenced_within_used_rom,18789880,18789888,8,12a3ae445661ce5dee78d0650d33362dec29c4f82af05e7e57fb595bbbacf0ca,ff
unreferenced_within_used_rom,18798528,18798592,64,8667e718294e9e0df1d30600ba3eeb201f764aad2dad72748643e4a285e1d1f7,ff
unreferenced_within_used_rom,18800096,18800128,32,af9613760f72635fbdb44a5a0a63c39f12af30f950a6ee5c971be188e89c4051,ff
unreferenced_within_used_rom,18800768,18801152,384,a292bc4a1d8d3caa7dd32d1858f7d642a27373526b84cde7df8634faad708d2a,ff
unreferenced_within_used_rom,18801472,18801664,192,8f62c344eff1568474fb693b8c18526629db443b9653a84264189c97693605de,ff
unreferenced_within_used_rom,18805704,18805760,56,528ff50ab05e77bbbd224a9ec86165dbb6824a9a9efb544be0a1d57d5b416457,ff
unreferenced_within_used_rom,18812176,18812416,240,d6c49417b1ca0a6714dcde2b40010cb7496d05df7f8c8b1b9814097e9d62c8e1,ff
unreferenced_within_used_rom,18866320,18866688,368,0b46df9d4ee1559c2042a1fed537b2ba7f8d546fea364a634398d707de81337a,ff
unreferenced_within_used_rom,18893156,18893312,156,6f50d0f89132d69cb99f926cddf858120dcc4f1189a03452a79a6f1a6fef330a,ff
unreferenced_within_used_rom,18896660,18896896,236,d0e58b2b56b917140512e75422d45520ce2881d70b6b5bd52c46f8c40a62a535,ff
unreferenced_within_used_rom,30675572,30675968,396,481ac674a6d701121f3a00411c9d9d4ce20a5fb1a0c7fcccc22d020493dc261a,ff
unreferenced_within_used_rom,30699076,30699520,444,eeca29ad5a2734765a695ea6f30c8aa13ba52ff0c26105a2016e61adf4de5b65,ff
unreferenced_within_used_rom,31223444,31223808,364,9022bdd06c8eb4395f9b070b3b1d9e3c4d0e737da54c52267a846aa92eacf847,ff
unreferenced_within_used_rom,32021516,32022016,500,1d616f19a7f411169cf0b3e3e86d5ab075c32b07672cf0b4603377db6fc4f1a3,ff
unreferenced_within_used_rom,32143584,32143872,288,c49fd3b652e068233b78f7300696e2201ddf3932072b8b303de297e7d0354827,ff
unreferenced_within_used_rom,32159156,32159232,76,f23d9ee2ba3f908b1532a10c56526e78f2bafed3757a4f9b95866159473dd4f9,ff
unreferenced_within_used_rom,32414864,32415232,368,0b46df9d4ee1559c2042a1fed537b2ba7f8d546fea364a634398d707de81337a,ff
unreferenced_within_used_rom,32426588,32427008,420,b449e6715cd9f24c641fd6d991ae5c12cf02d7d85c4aad2af4d9c2d9c03f1ab0,ff
unreferenced_within_used_rom,32799020,32799232,212,d31782695685974e55d7377b5d11638fecaa83c69d22daa0a95b13d2d8d85a55,ff
unreferenced_within_used_rom,32805980,32806400,420,b449e6715cd9f24c641fd6d991ae5c12cf02d7d85c4aad2af4d9c2d9c03f1ab0,ff
unreferenced_within_used_rom,32831396,32831488,92,f7b17d2718fb1c33c3f11a2ec0b20bc08a365fa6b3700dc45cfbe5dae8ca3d73,ff
unreferenced_within_used_rom,33105864,33105920,56,528ff50ab05e77bbbd224a9ec86165dbb6824a9a9efb544be0a1d57d5b416457,ff
unreferenced_within_used_rom,34307428,34307584,156,6f50d0f89132d69cb99f926cddf858120dcc4f1189a03452a79a6f1a6fef330a,ff
unreferenced_within_used_rom,34330252,34330624,372,60f51c3aabf0d52047e4c17a90dff09ba184e7184c8cdcca650f9e33def5c5d2,ff
unreferenced_within_used_rom,34779080,34779136,56,528ff50ab05e77bbbd224a9ec86165dbb6824a9a9efb544be0a1d57d5b416457,ff
unreferenced_within_used_rom,34859732,34860032,300,5263250339d3961c91f0bb1150e95ff862f8cd6a4ca873bc8d274dbe86fd6ce7,ff
unreferenced_within_used_rom,35449688,35449856,168,d4aeb32717fdf59836f8b090ed470955826756e10de9db193f79fbe5794f110f,ff
unreferenced_within_used_rom,35501256,35501568,312,26e1989c6b3b3e1b905dcc17405a2767a1a3ebbb76b26ae3ac6b16bfd61c031c,ff
unreferenced_within_used_rom,35534644,35534848,204,dc6c9c43af3a1e4a3102286e5784afbd26f393dabf9b59b4cf3b74e9b6dce2ee,ff
unreferenced_within_used_rom,35539328,35539456,128,e9175db65a9789096ca9cb5524d3abc2107df03e3c9ba3af1aca628f9c5d3bd2,ff
unreferenced_within_used_rom,35544828,35545088,260,7c9a3b8c0380189cccdc5a5db9a3c224f08b92bbda2a2894698e20f2968a4adf,ff
unreferenced_within_used_rom,35549776,35550208,432,23b08da305801e86e6ab7dd7d5c7d7fb8ad2a6218aa08f42daef1652fe65e872,ff
unreferenced_within_used_rom,35805744,35806208,464,68ae0bd29c78321dd0733e60db7396cedb242552dc4741e9dbebc09106a819c3,ff
unreferenced_within_used_rom,38807476,38807552,76,f23d9ee2ba3f908b1532a10c56526e78f2bafed3757a4f9b95866159473dd4f9,ff
unreferenced_within_used_rom,38849076,38849536,460,9b8f255bfb88d522281dfdea402175e353e460a09edba88f7d8123d6ee6cb8e6,ff
unreferenced_within_used_rom,41273088,41273344,256,3d6876a0146de8576eb2395a858de1213d1b92c65b779df3a331cfd5a4584546,ff
unreferenced_within_used_rom,41290284,41290752,468,72ea1f236b489fb91b63f41859d566d5f05c463fff88b1ddfe13ca5a585e353a,ff
unreferenced_within_used_rom,41306980,41307136,156,6f50d0f89132d69cb99f926cddf858120dcc4f1189a03452a79a6f1a6fef330a,ff
unreferenced_within_used_rom,41443920,41444352,432,23b08da305801e86e6ab7dd7d5c7d7fb8ad2a6218aa08f42daef1652fe65e872,ff
unreferenced_within_used_rom,41463548,41463808,260,7c9a3b8c0380189cccdc5a5db9a3c224f08b92bbda2a2894698e20f2968a4adf,ff
unreferenced_within_used_rom,41490276,41490432,156,6f50d0f89132d69cb99f926cddf858120dcc4f1189a03452a79a6f1a6fef330a,ff
unreferenced_within_used_rom,41491876,41491968,92,f7b17d2718fb1c33c3f11a2ec0b20bc08a365fa6b3700dc45cfbe5dae8ca3d73,ff
unreferenced_within_used_rom,41536908,41537024,116,0ac78c2a8932ef08442f30d50a6c3ccd52ad4e92718626a9a207df0ebe33c623,ff
unreferenced_within_used_rom,41566044,41566208,164,e6cb9c9c356d2ba83ce89493ae74c91ad065fac76eec4d3409211c0b8450f091,ff
unreferenced_within_used_rom,41601580,41602048,468,72ea1f236b489fb91b63f41859d566d5f05c463fff88b1ddfe13ca5a585e353a,ff
unreferenced_within_used_rom,41729200,41729536,336,77071fc978963dce5058c795643c95c195d0d2506c5f02ff38c09e4c8d6ec517,ff
unreferenced_within_used_rom,44126840,44127232,392,85ae98a61d8c46c891b84e682824c4a79ff779f8c8d3911c85c04147ba80b2bf,ff
unreferenced_within_used_rom,44139268,44139520,252,dc6a17c9570845b5667fe6faa1361f05e471f5ab033213aec9b26acc0aab8849,ff
unreferenced_within_used_rom,44141268,44141568,300,5263250339d3961c91f0bb1150e95ff862f8cd6a4ca873bc8d274dbe86fd6ce7,ff
unreferenced_within_used_rom,44146004,44146176,172,382db6ae839bc3c4f7db3945cf2880908154ac214e14d34b13793faedd677627,ff
unreferenced_within_used_rom,45979924,45980160,236,d0e58b2b56b917140512e75422d45520ce2881d70b6b5bd52c46f8c40a62a535,ff
unreferenced_within_used_rom,45999976,46000128,152,98a1a382b32ccf7bc6d87cda8c196485641b07ee46a1b1d3748788e197fe985b,ff
unreferenced_within_used_rom,46793072,46793216,144,d169f6754229c200ba4838a38e4894c03c47ce8939db4b7a11c224921b982521,ff
unreferenced_within_used_rom,46793368,46793728,360,107d83b356cec4dfa3f441e7906af332fd9a75704750b5ca2ab98c4a1b3aab44,ff
unreferenced_within_used_rom,46915500,46915584,84,4a83aa458b0a2379f2c7a336bd0d936f33d55fa35fd8bf823ba81cdde29725aa,ff
unreferenced_within_used_rom,47251048,47251456,408,90355c2d0a613511985dfe3953a0ac8c28aaf6a4de822db3f2aeae839a584bd9,ff
unreferenced_within_used_rom,47267544,47267840,296,a0f4ca44a8d75a80222d8c564cf2d62fdc724c078d03da81d237b7a123384a55,ff
unreferenced_within_used_rom,47451760,47452160,400,c323c96b39b5155a4788a606c6fc05571befd551e693af4ec6b7f369cc42a834,ff
unreferenced_within_used_rom,47463644,47463936,292,08e9ada57327ffb9e4bcaed1be7d8ad94b085b2a99318313105c1531ac8d1539,ff
unreferenced_within_used_rom,47596956,47597056,100,da6f14970ce356ce01a5b340291e9d8b2652eb63fbf8f328ca6a87a727fde4d9,ff
unreferenced_within_used_rom,47624636,47624704,68,45711c71a8ea9075f812520ebd55ac5565beaa67a4a54b7f7768d156e728d926,ff
unreferenced_within_used_rom,47645420,47645696,276,74e91c3d013885cbf7a6de3e5fd0fb1647795a99f24303973515ea71e3289491,ff
unreferenced_within_used_rom,47672112,47672320,208,86ff85227f7cc42cc3293ebdeeb10d8660b51eb429dd1d6c999ddf14cb59db73,ff
unreferenced_within_used_rom,47679248,47679488,240,d6c49417b1ca0a6714dcde2b40010cb7496d05df7f8c8b1b9814097e9d62c8e1,ff
unreferenced_within_used_rom,49343396,49343488,92,f7b17d2718fb1c33c3f11a2ec0b20bc08a365fa6b3700dc45cfbe5dae8ca3d73,ff
unreferenced_within_used_rom,49377896,49378304,408,90355c2d0a613511985dfe3953a0ac8c28aaf6a4de822db3f2aeae839a584bd9,ff
unreferenced_within_used_rom,49425120,49425408,288,c49fd3b652e068233b78f7300696e2201ddf3932072b8b303de297e7d0354827,ff
unreferenced_within_used_rom,49437720,49438208,488,3832cbd77b14dad756b4023ff2d1c056c45c5402bb2682353f45de66cb5278a7,ff
unreferenced_within_used_rom,49461888,49462272,384,a292bc4a1d8d3caa7dd32d1858f7d642a27373526b84cde7df8634faad708d2a,ff
unreferenced_within_used_rom,49525928,49526272,344,3037f064706622ffeb6597ff97546c1192c6adcddfefb0c8cb71c4b2de4f7ddd,ff
unreferenced_within_used_rom,49545584,49545728,144,d169f6754229c200ba4838a38e4894c03c47ce8939db4b7a11c224921b982521,ff
unreferenced_within_used_rom,69082372,69082624,252,dc6a17c9570845b5667fe6faa1361f05e471f5ab033213aec9b26acc0aab8849,ff
unreferenced_within_used_rom,69083956,69084160,204,dc6c9c43af3a1e4a3102286e5784afbd26f393dabf9b59b4cf3b74e9b6dce2ee,ff
unreferenced_within_used_rom,69157148,69157376,228,51dfb9f85859cf70e17b9950249dd65ad033e12d05710abb421af77b4e5b7edf,ff
unreferenced_within_used_rom,69214716,69214720,4,ad95131bc0b799c0b1af477fb14fcf26a6a9f76079e48bf090acb7e8367bfd0e,ff
unreferenced_within_used_rom,69273324,69273600,276,74e91c3d013885cbf7a6de3e5fd0fb1647795a99f24303973515ea71e3289491,ff
unreferenced_within_used_rom,71043276,71043584,308,24ae50ba2ab855a4b185179127b8c1c5d9de0a07edb44a2005f2b82dfb2f3296,ff
unreferenced_within_used_rom,71117992,71118336,344,3037f064706622ffeb6597ff97546c1192c6adcddfefb0c8cb71c4b2de4f7ddd,ff
unreferenced_within_used_rom,71137040,71137280,240,d6c49417b1ca0a6714dcde2b40010cb7496d05df7f8c8b1b9814097e9d62c8e1,ff
unreferenced_within_used_rom,71141368,71141376,8,12a3ae445661ce5dee78d0650d33362dec29c4f82af05e7e57fb595bbbacf0ca,ff
unreferenced_within_used_rom,71165476,71165952,476,6014b202385aa136291df620d3de009e948cc020d4e215784a34aebb58b3d855,ff
unreferenced_within_used_rom,71167128,71167488,360,107d83b356cec4dfa3f441e7906af332fd9a75704750b5ca2ab98c4a1b3aab44,ff
unreferenced_within_used_rom,71177764,71178240,476,6014b202385aa136291df620d3de009e948cc020d4e215784a34aebb58b3d855,ff
unreferenced_within_used_rom,71200516,71200768,252,dc6a17c9570845b5667fe6faa1361f05e471f5ab033213aec9b26acc0aab8849,ff
unreferenced_within_used_rom,71206180,71206400,220,77cc87a375a23d5286b58d4a3dbf89efc94a5b2000a5ccf9f6fddca1acb8f4ac,ff
unreferenced_within_used_rom,71316272,71316480,208,86ff85227f7cc42cc3293ebdeeb10d8660b51eb429dd1d6c999ddf14cb59db73,ff
unreferenced_within_used_rom,71384020,71384064,44,463d5921a6bfd5c98f6047f561495800372e627c07ce458c23b7ac164a22be51,ff
unreferenced_within_used_rom,76021432,76021760,328,5d02867c4fcc298bca28ab8ca437e646368ca7fd26184c71048bbb4fe570df1a,ff
unreferenced_within_used_rom,76198364,76198400,36,c38236f1e6d5ba2e8616b0c8a115bf8bf0814ddae740ac6cbea93d063417cd0e,ff
unreferenced_within_used_rom,76199268,76199424,156,6f50d0f89132d69cb99f926cddf858120dcc4f1189a03452a79a6f1a6fef330a,ff
unreferenced_within_used_rom,76221156,76221440,284,6627ad360744b02badddc8173e9b995053da0014db8f5a7511467704235828a3,ff
unreferenced_within_used_rom,76235176,76235264,88,fc351643198ac4ec4e78649c99ad06b4cd45b554005990cdc70e520b49dd9bf0,ff
unreferenced_within_used_rom,76249404,76249600,196,3d0b3dca249bd1df25779d65db277be994634971b1c8fdcc971fcf7c400fa8c0,ff
unreferenced_within_used_rom,76281356,76281856,500,1d616f19a7f411169cf0b3e3e86d5ab075c32b07672cf0b4603377db6fc4f1a3,ff
unreferenced_within_used_rom,76432820,76432896,76,f23d9ee2ba3f908b1532a10c56526e78f2bafed3757a4f9b95866159473dd4f9,ff
unreferenced_within_used_rom,76464408,76464640,232,c80a17673aa3c620f955b53433262f72c351eecccd3679f0a3c50b7e4ee77f13,ff
unreferenced_within_used_rom,76493140,76493312,172,382db6ae839bc3c4f7db3945cf2880908154ac214e14d34b13793faedd677627,ff
unreferenced_within_used_rom,76497596,76497920,324,18cbd03d016c3e706e120559b5cbba2df58eb41820d292665c0ab277b354c921,ff
unreferenced_within_used_rom,76498532,76498944,412,44b03ad76bc1e6498336c7726478ac787c4b03f1e01ed6d4302136f5a2e11689,ff
unreferenced_within_used_rom,76533256,76533760,504,c00173cde437c86c96c67f70c1a2514bbe571e4c9649e8f4b36277f9a555380f,ff
unreferenced_within_used_rom,77006380,77006848,468,72ea1f236b489fb91b63f41859d566d5f05c463fff88b1ddfe13ca5a585e353a,ff
unreferenced_within_used_rom,77372108,77372416,308,24ae50ba2ab855a4b185179127b8c1c5d9de0a07edb44a2005f2b82dfb2f3296,ff
unreferenced_within_used_rom,77375432,77375488,56,528ff50ab05e77bbbd224a9ec86165dbb6824a9a9efb544be0a1d57d5b416457,ff
unreferenced_within_used_rom,77394840,77394944,104,f71c209c8df8eeb07005a11966d0300bd86d153006ba2e05302caf822246d90f,ff
unreferenced_within_used_rom,77398216,77398528,312,26e1989c6b3b3e1b905dcc17405a2767a1a3ebbb76b26ae3ac6b16bfd61c031c,ff
unreferenced_within_used_rom,77441016,77441024,8,12a3ae445661ce5dee78d0650d33362dec29c4f82af05e7e57fb595bbbacf0ca,ff
unreferenced_within_used_rom,77494536,77494784,248,02eac1ae8a6a00237269d7713f65ed7af685b76695978616e5ca1992b75a2101,ff
unreferenced_within_used_rom,77524812,77524992,180,e08c7a0233fe3424e06449f8b19133016749482cba857f59774d4b29267990e0,ff
unreferenced_within_used_rom,77526820,77527040,220,77cc87a375a23d5286b58d4a3dbf89efc94a5b2000a5ccf9f6fddca1acb8f4ac,ff
unreferenced_within_used_rom,77672040,77672448,408,90355c2d0a613511985dfe3953a0ac8c28aaf6a4de822db3f2aeae839a584bd9,ff
unreferenced_within_used_rom,77716864,77716992,128,e9175db65a9789096ca9cb5524d3abc2107df03e3c9ba3af1aca628f9c5d3bd2,ff
unreferenced_within_used_rom,77718040,77718528,488,3832cbd77b14dad756b4023ff2d1c056c45c5402bb2682353f45de66cb5278a7,ff
unreferenced_within_used_rom,78052136,78052352,216,a818847102ee5cade5ca790f6888e7eb065d867b31a39b9a9ebc2586d8e4d627,ff
unreferenced_within_used_rom,78063284,78063616,332,f175b06eed005da8da3258bbb9302e5cf74ffc5fb7a85fe418ae1d20f5f7f97b,ff
unreferenced_within_used_rom,78070772,78070784,12,8688d249e9d047b4fc2fb89ce05afe9ec89252ffccdd969de6eef260dd7ffb21,ff
unreferenced_within_used_rom,78478028,78478336,308,24ae50ba2ab855a4b185179127b8c1c5d9de0a07edb44a2005f2b82dfb2f3296,ff
unreferenced_within_used_rom,78520924,78521344,420,b449e6715cd9f24c641fd6d991ae5c12cf02d7d85c4aad2af4d9c2d9c03f1ab0,ff
unreferenced_within_used_rom,78535236,78535680,444,eeca29ad5a2734765a695ea6f30c8aa13ba52ff0c26105a2016e61adf4de5b65,ff
unreferenced_within_used_rom,78536928,78537216,288,c49fd3b652e068233b78f7300696e2201ddf3932072b8b303de297e7d0354827,ff
unreferenced_within_used_rom,78571476,78571520,44,463d5921a6bfd5c98f6047f561495800372e627c07ce458c23b7ac164a22be51,ff
unreferenced_within_used_rom,79618988,79619072,84,4a83aa458b0a2379f2c7a336bd0d936f33d55fa35fd8bf823ba81cdde29725aa,ff
unreferenced_within_used_rom,79630076,79630336,260,7c9a3b8c0380189cccdc5a5db9a3c224f08b92bbda2a2894698e20f2968a4adf,ff
unreferenced_within_used_rom,79640044,79640064,20,9a8dcd3f9ff7aa3114e141f03c12989d363ea81fd74c02eea63c5f41489cb17a,ff
unreferenced_within_used_rom,79642036,79642112,76,f23d9ee2ba3f908b1532a10c56526e78f2bafed3757a4f9b95866159473dd4f9,ff
unreferenced_within_used_rom,79647204,79647232,28,326a8ca97825794cbe04eb7e9ac623ed0335ada08fec52df0140973f3c11bf48,ff
unreferenced_within_used_rom,79656596,79656960,364,9022bdd06c8eb4395f9b070b3b1d9e3c4d0e737da54c52267a846aa92eacf847,ff
unreferenced_within_used_rom,79785684,79785984,300,5263250339d3961c91f0bb1150e95ff862f8cd6a4ca873bc8d274dbe86fd6ce7,ff
unreferenced_within_used_rom,79786880,79787008,128,e9175db65a9789096ca9cb5524d3abc2107df03e3c9ba3af1aca628f9c5d3bd2,ff
unreferenced_within_used_rom,80120476,80120832,356,89860ee4975dba3ec6e8865839ce8361c7333cce139c245b9671181f88d56688,ff
unreferenced_within_used_rom,80273012,80273408,396,481ac674a6d701121f3a00411c9d9d4ce20a5fb1a0c7fcccc22d020493dc261a,ff
unreferenced_within_used_rom,80278728,80279040,312,26e1989c6b3b3e1b905dcc17405a2767a1a3ebbb76b26ae3ac6b16bfd61c031c,ff
unreferenced_within_used_rom,80282060,80282112,52,01028783afa8d55efe67c3967e5405a39640fede4405133b3f1f86a8edcd07dd,ff
unreferenced_within_used_rom,80334132,80334336,204,dc6c9c43af3a1e4a3102286e5784afbd26f393dabf9b59b4cf3b74e9b6dce2ee,ff
unreferenced_within_used_rom,80429696,80430080,384,a292bc4a1d8d3caa7dd32d1858f7d642a27373526b84cde7df8634faad708d2a,ff
unreferenced_within_used_rom,80463808,80463872,64,8667e718294e9e0df1d30600ba3eeb201f764aad2dad72748643e4a285e1d1f7,ff
unreferenced_within_used_rom,80486748,80486912,164,e6cb9c9c356d2ba83ce89493ae74c91ad065fac76eec4d3409211c0b8450f091,ff
unreferenced_within_used_rom,80544224,80544256,32,af9613760f72635fbdb44a5a0a63c39f12af30f950a6ee5c971be188e89c4051,ff
unreferenced_within_used_rom,80545788,80545792,4,ad95131bc0b799c0b1af477fb14fcf26a6a9f76079e48bf090acb7e8367bfd0e,ff
unreferenced_within_used_rom,80546348,80546816,468,72ea1f236b489fb91b63f41859d566d5f05c463fff88b1ddfe13ca5a585e353a,ff
unreferenced_within_used_rom,80606948,80607232,284,6627ad360744b02badddc8173e9b995053da0014db8f5a7511467704235828a3,ff
unreferenced_within_used_rom,80656944,80657408,464,68ae0bd29c78321dd0733e60db7396cedb242552dc4741e9dbebc09106a819c3,ff
unreferenced_within_used_rom,80657964,80658432,468,72ea1f236b489fb91b63f41859d566d5f05c463fff88b1ddfe13ca5a585e353a,ff
unreferenced_within_used_rom,80687452,80687616,164,e6cb9c9c356d2ba83ce89493ae74c91ad065fac76eec4d3409211c0b8450f091,ff
unreferenced_within_used_rom,80688172,80688640,468,72ea1f236b489fb91b63f41859d566d5f05c463fff88b1ddfe13ca5a585e353a,ff
unreferenced_within_used_rom,80689688,80690176,488,3832cbd77b14dad756b4023ff2d1c056c45c5402bb2682353f45de66cb5278a7,ff
unreferenced_within_used_rom,80710428,80710656,228,51dfb9f85859cf70e17b9950249dd65ad033e12d05710abb421af77b4e5b7edf,ff
unreferenced_within_used_rom,80726268,80726528,260,7c9a3b8c0380189cccdc5a5db9a3c224f08b92bbda2a2894698e20f2968a4adf,ff
unreferenced_within_used_rom,80733372,80733696,324,18cbd03d016c3e706e120559b5cbba2df58eb41820d292665c0ab277b354c921,ff
unreferenced_within_used_rom,80852036,80852480,444,eeca29ad5a2734765a695ea6f30c8aa13ba52ff0c26105a2016e61adf4de5b65,ff
unreferenced_within_used_rom,80975856,80975872,16,5ac6a5945f16500911219129984ba8b387a06f24fe383ce4e81a73294065461b,ff
unreferenced_within_used_rom,81180668,81180672,4,ad95131bc0b799c0b1af477fb14fcf26a6a9f76079e48bf090acb7e8367bfd0e,ff
unreferenced_within_used_rom,81250776,81250816,40,6ecd0f0bd7cf53c56d2129820911a26f815949eee418ca46b4f3d7a80cd969a7,ff
unreferenced_within_used_rom,81479700,81480192,492,1e129a53e316de73b1c3f207144bde598aeb948a48062d905624507b8923d752,ff
unreferenced_within_used_rom,81556776,81556992,216,a818847102ee5cade5ca790f6888e7eb065d867b31a39b9a9ebc2586d8e4d627,ff
unreferenced_within_used_rom,82983848,82983936,88,fc351643198ac4ec4e78649c99ad06b4cd45b554005990cdc70e520b49dd9bf0,ff
unreferenced_within_used_rom,83035412,83035648,236,d0e58b2b56b917140512e75422d45520ce2881d70b6b5bd52c46f8c40a62a535,ff
unreferenced_within_used_rom,84071800,84071936,136,b37c47f42e74edc6a9bdfa65206dcda5a80eaaa3c3eee9b361636536d81a1f89,ff
unreferenced_within_used_rom,84080648,84081152,504,c00173cde437c86c96c67f70c1a2514bbe571e4c9649e8f4b36277f9a555380f,ff
unreferenced_within_used_rom,84082864,84083200,336,77071fc978963dce5058c795643c95c195d0d2506c5f02ff38c09e4c8d6ec517,ff
unreferenced_within_used_rom,84133864,84133888,24,44a5f7891570e5631e8c91c85186e6633f4ab5364f644040b2a00126a07985b6,ff
unreferenced_within_used_rom,84235840,84236288,448,ad948f3d279d42aeebf35cfdca0a9692de056c8286104fc0c96fc728f61a9c07,ff
unreferenced_within_used_rom,84236352,84236800,448,ad948f3d279d42aeebf35cfdca0a9692de056c8286104fc0c96fc728f61a9c07,ff
unreferenced_within_used_rom,84341312,84341760,448,ad948f3d279d42aeebf35cfdca0a9692de056c8286104fc0c96fc728f61a9c07,ff
unreferenced_within_used_rom,84354612,84355072,460,9b8f255bfb88d522281dfdea402175e353e460a09edba88f7d8123d6ee6cb8e6,ff
unreferenced_within_used_rom,84367468,84367872,404,a135198e2020cd0457aa80bebc3d9f7c248d56128921af794d16cabd200d511c,ff
unreferenced_within_used_rom,84446160,84446208,48,80a76a18acf8cb64fec3a659ffc4bab4a87cd9a6fde4dab2161a8751d136c9d2,ff
unreferenced_within_used_rom,84511640,84511744,104,f71c209c8df8eeb07005a11966d0300bd86d153006ba2e05302caf822246d90f,ff
unreferenced_within_used_rom,84517560,84517888,328,5d02867c4fcc298bca28ab8ca437e646368ca7fd26184c71048bbb4fe570df1a,ff
unreferenced_within_used_rom,84608804,84609024,220,77cc87a375a23d5286b58d4a3dbf89efc94a5b2000a5ccf9f6fddca1acb8f4ac,ff
unreferenced_within_used_rom,84642412,84642816,404,a135198e2020cd0457aa80bebc3d9f7c248d56128921af794d16cabd200d511c,ff
unreferenced_within_used_rom,84644224,84644352,128,e9175db65a9789096ca9cb5524d3abc2107df03e3c9ba3af1aca628f9c5d3bd2,ff
unreferenced_within_used_rom,84645440,84645888,448,ad948f3d279d42aeebf35cfdca0a9692de056c8286104fc0c96fc728f61a9c07,ff
unreferenced_within_used_rom,84732952,84733440,488,3832cbd77b14dad756b4023ff2d1c056c45c5402bb2682353f45de66cb5278a7,ff
unreferenced_within_used_rom,84838532,84838912,380,e53ffb41183ae4664bd3bf3049861c1e383a67d9ece630b58aed242221356bb4,ff
unreferenced_within_used_rom,84955216,84955648,432,23b08da305801e86e6ab7dd7d5c7d7fb8ad2a6218aa08f42daef1652fe65e872,ff
unreferenced_within_used_rom,84971212,84971520,308,24ae50ba2ab855a4b185179127b8c1c5d9de0a07edb44a2005f2b82dfb2f3296,ff
unreferenced_within_used_rom,84972892,84973056,164,e6cb9c9c356d2ba83ce89493ae74c91ad065fac76eec4d3409211c0b8450f091,ff
unreferenced_within_used_rom,85028500,85028864,364,9022bdd06c8eb4395f9b070b3b1d9e3c4d0e737da54c52267a846aa92eacf847,ff
unreferenced_within_used_rom,85087928,85088256,328,5d02867c4fcc298bca28ab8ca437e646368ca7fd26184c71048bbb4fe570df1a,ff
unreferenced_within_used_rom,85093240,85093376,136,b37c47f42e74edc6a9bdfa65206dcda5a80eaaa3c3eee9b361636536d81a1f89,ff
unreferenced_within_used_rom,85611908,85612032,124,49400dd2502410d5b6c7222a4261c8dbfa17c8b96b1faf91df4f586761841d76,ff
unreferenced_within_used_rom,85625124,85625344,220,77cc87a375a23d5286b58d4a3dbf89efc94a5b2000a5ccf9f6fddca1acb8f4ac,ff
unreferenced_within_used_rom,85649724,85649920,196,3d0b3dca249bd1df25779d65db277be994634971b1c8fdcc971fcf7c400fa8c0,ff
unreferenced_within_used_rom,85697720,85698048,328,5d02867c4fcc298bca28ab8ca437e646368ca7fd26184c71048bbb4fe570df1a,ff
unreferenced_within_used_rom,85824780,85825024,244,17e41f65b709ecc118fa639b1d4367396bfd42e63acd399059801ac48398a317,ff
unreferenced_within_used_rom,86666216,86666240,24,44a5f7891570e5631e8c91c85186e6633f4ab5364f644040b2a00126a07985b6,ff
unreferenced_within_used_rom,86710268,86710272,4,ad95131bc0b799c0b1af477fb14fcf26a6a9f76079e48bf090acb7e8367bfd0e,ff
unreferenced_within_used_rom,86722016,86722048,32,af9613760f72635fbdb44a5a0a63c39f12af30f950a6ee5c971be188e89c4051,ff
unreferenced_within_used_rom,86764848,86765056,208,86ff85227f7cc42cc3293ebdeeb10d8660b51eb429dd1d6c999ddf14cb59db73,ff
unreferenced_within_used_rom,87610048,87610368,320,1f34be94c0f6303063808553c7e906fedaf542afe7fc5d52040008ebfbe35038,ff
unreferenced_within_used_rom,87658776,87659008,232,c80a17673aa3c620f955b53433262f72c351eecccd3679f0a3c50b7e4ee77f13,ff
unreferenced_within_used_rom,87662140,87662592,452,6289fac571df68bb15a3891d511d6b6234b515a991584dc08c33a128d2fdc35e,ff
unreferenced_within_used_rom,87753828,87754240,412,44b03ad76bc1e6498336c7726478ac787c4b03f1e01ed6d4302136f5a2e11689,ff
unreferenced_within_used_rom,87945964,87946240,276,74e91c3d013885cbf7a6de3e5fd0fb1647795a99f24303973515ea71e3289491,ff
unreferenced_within_used_rom,88010264,88010752,488,3832cbd77b14dad756b4023ff2d1c056c45c5402bb2682353f45de66cb5278a7,ff
unreferenced_within_used_rom,88270448,88270848,400,c323c96b39b5155a4788a606c6fc05571befd551e693af4ec6b7f369cc42a834,ff
unreferenced_within_used_rom,88364116,88364544,428,b9a44177b391a391a2e8a6fdd6dd2e8d58a765925f5e13d586d5914e1b812ec9,ff
unreferenced_within_used_rom,89073360,89073664,304,d7a0584afe942d1ce0065e1cd4ee75f2f33d12149886eab03463885a59250f3c,ff
unreferenced_within_used_rom,89290276,89290752,476,6014b202385aa136291df620d3de009e948cc020d4e215784a34aebb58b3d855,ff
unreferenced_within_used_rom,89548596,89548800,204,dc6c9c43af3a1e4a3102286e5784afbd26f393dabf9b59b4cf3b74e9b6dce2ee,ff
unreferenced_within_used_rom,101327476,101327872,396,481ac674a6d701121f3a00411c9d9d4ce20a5fb1a0c7fcccc22d020493dc261a,ff
unreferenced_within_used_rom,102218476,102218752,276,74e91c3d013885cbf7a6de3e5fd0fb1647795a99f24303973515ea71e3289491,ff
unreferenced_within_used_rom,102241860,102242304,444,eeca29ad5a2734765a695ea6f30c8aa13ba52ff0c26105a2016e61adf4de5b65,ff
unreferenced_within_used_rom,102243988,102244352,364,9022bdd06c8eb4395f9b070b3b1d9e3c4d0e737da54c52267a846aa92eacf847,ff
unreferenced_within_used_rom,102308772,102308864,92,f7b17d2718fb1c33c3f11a2ec0b20bc08a365fa6b3700dc45cfbe5dae8ca3d73,ff
unreferenced_within_used_rom,102334988,102335488,500,1d616f19a7f411169cf0b3e3e86d5ab075c32b07672cf0b4603377db6fc4f1a3,ff
unreferenced_within_used_rom,102437000,102437376,376,56bc6d5c0d4743f39209256e9aba44cbd0676ef2eadb133d4da64d51b192d3fa,ff
unreferenced_within_used_rom,102740384,102740480,96,ce65609cc564ce3d8cb72d46bc44cd5495afbad7bc61b5edfa0799baa5063191,ff
unreferenced_within_used_rom,102757520,102757888,368,0b46df9d4ee1559c2042a1fed537b2ba7f8d546fea364a634398d707de81337a,ff
unreferenced_within_used_rom,103607080,103607296,216,a818847102ee5cade5ca790f6888e7eb065d867b31a39b9a9ebc2586d8e4d627,ff
unreferenced_within_used_rom,103630172,103630336,164,e6cb9c9c356d2ba83ce89493ae74c91ad065fac76eec4d3409211c0b8450f091,ff
unreferenced_within_used_rom,103641860,103642112,252,dc6a17c9570845b5667fe6faa1361f05e471f5ab033213aec9b26acc0aab8849,ff
unreferenced_within_used_rom,103804780,103804928,148,b0883db6a4d742caa0d111a0b067c4e966d09eab650e889b1836de04b259988f,ff
unreferenced_within_used_rom,103810636,103811072,436,c577d543ef7c1615afd34449fda585dc345ad1465d67b331eaa41c4c30945255,ff
unreferenced_within_used_rom,104174508,104174592,84,4a83aa458b0a2379f2c7a336bd0d936f33d55fa35fd8bf823ba81cdde29725aa,ff
unreferenced_within_used_rom,104210900,104210944,44,463d5921a6bfd5c98f6047f561495800372e627c07ce458c23b7ac164a22be51,ff
unreferenced_within_used_rom,104282404,104282624,220,77cc87a375a23d5286b58d4a3dbf89efc94a5b2000a5ccf9f6fddca1acb8f4ac,ff
unreferenced_within_used_rom,104283044,104283136,92,f7b17d2718fb1c33c3f11a2ec0b20bc08a365fa6b3700dc45cfbe5dae8ca3d73,ff
unreferenced_within_used_rom,104304728,104305152,424,842d4a2bef4008a41534e1a1e70c2428e26731f30fc649ecfddcaa9aec25b5c2,ff
unreferenced_within_used_rom,104306652,104306688,36,c38236f1e6d5ba2e8616b0c8a115bf8bf0814ddae740ac6cbea93d063417cd0e,ff
unreferenced_within_used_rom,104322636,104323072,436,c577d543ef7c1615afd34449fda585dc345ad1465d67b331eaa41c4c30945255,ff
unreferenced_within_used_rom,104347176,104347648,472,8976ac95524829e109a8ecf07f8efd7f344493c1e2d7e39919dad95c0bdb3a24,ff
unreferenced_within_used_rom,104378688,104378880,192,8f62c344eff1568474fb693b8c18526629db443b9653a84264189c97693605de,ff
unreferenced_within_used_rom,104508680,104508928,248,02eac1ae8a6a00237269d7713f65ed7af685b76695978616e5ca1992b75a2101,ff
unreferenced_within_used_rom,104623960,104624128,168,d4aeb32717fdf59836f8b090ed470955826756e10de9db193f79fbe5794f110f,ff
unreferenced_within_used_rom,104658652,104658944,292,08e9ada57327ffb9e4bcaed1be7d8ad94b085b2a99318313105c1531ac8d1539,ff
unreferenced_within_used_rom,104789888,104790016,128,e9175db65a9789096ca9cb5524d3abc2107df03e3c9ba3af1aca628f9c5d3bd2,ff
unreferenced_within_used_rom,104934356,104934400,44,463d5921a6bfd5c98f6047f561495800372e627c07ce458c23b7ac164a22be51,ff
unreferenced_within_used_rom,104995832,104995840,8,12a3ae445661ce5dee78d0650d33362dec29c4f82af05e7e57fb595bbbacf0ca,ff
unreferenced_within_used_rom,105005396,105005568,172,382db6ae839bc3c4f7db3945cf2880908154ac214e14d34b13793faedd677627,ff
unreferenced_within_used_rom,105029580,105029632,52,01028783afa8d55efe67c3967e5405a39640fede4405133b3f1f86a8edcd07dd,ff
unreferenced_within_used_rom,105160060,105160192,132,0cb297d6669024017917eef4a45229fe47c2b47099a514ee62e89bc4874294a5,ff
unreferenced_within_used_rom,105162404,105162752,348,b785bdc93c624e42e657229dccff5903187e3f6c11684eb685c0851ec881bac5,ff
unreferenced_within_used_rom,105167436,105167872,436,c577d543ef7c1615afd34449fda585dc345ad1465d67b331eaa41c4c30945255,ff
unreferenced_within_used_rom,105168264,105168384,120,9088fee917e5a748c2f0b4f5458c1cbdabbd696291c69be6e605bae0ef779e8f,ff
unreferenced_within_used_rom,105746160,105746432,272,f493acc6d716b7843d52ecef8643ef79bac85f84dd8851de91627c38dc4f7e41,ff
unreferenced_within_used_rom,105750584,105751040,456,533b679819f1499a60329c47caf2ad7496fc6180ff3936ea2f39419b53adda34,ff
unreferenced_within_used_rom,105762132,105762304,172,382db6ae839bc3c4f7db3945cf2880908154ac214e14d34b13793faedd677627,ff
unreferenced_within_used_rom,105762860,105763328,468,72ea1f236b489fb91b63f41859d566d5f05c463fff88b1ddfe13ca5a585e353a,ff
unreferenced_within_used_rom,105785064,105785344,280,c7d6321f6e3f006c9e32a0079ca8e5a5a7cc98a3d9eddb65c87180c7dcdd84ef,ff
unreferenced_within_used_rom,106922972,106923008,36,c38236f1e6d5ba2e8616b0c8a115bf8bf0814ddae740ac6cbea93d063417cd0e,ff
unreferenced_within_used_rom,107025800,107025920,120,9088fee917e5a748c2f0b4f5458c1cbdabbd696291c69be6e605bae0ef779e8f,ff
unreferenced_within_used_rom,107040608,107040768,160,0052516839b94ee314a4e3b398c8036de3790d672194987a394ee60323848539,ff
unreferenced_within_used_rom,107065496,107065856,360,107d83b356cec4dfa3f441e7906af332fd9a75704750b5ca2ab98c4a1b3aab44,ff
unreferenced_within_used_rom,107095868,107096064,196,3d0b3dca249bd1df25779d65db277be994634971b1c8fdcc971fcf7c400fa8c0,ff
unreferenced_within_used_rom,107515156,107515392,236,d0e58b2b56b917140512e75422d45520ce2881d70b6b5bd52c46f8c40a62a535,ff
unreferenced_within_used_rom,107521264,107521536,272,f493acc6d716b7843d52ecef8643ef79bac85f84dd8851de91627c38dc4f7e41,ff
unreferenced_within_used_rom,107543028,107543040,12,8688d249e9d047b4fc2fb89ce05afe9ec89252ffccdd969de6eef260dd7ffb21,ff
unreferenced_within_used_rom,107547168,107547648,480,bf9b62d4418d862aa0826a28a846948151da66b8042967382ca6bfd6d7d1cdb2,ff
unreferenced_within_used_rom,107555072,107555328,256,3d6876a0146de8576eb2395a858de1213d1b92c65b779df3a331cfd5a4584546,ff
unreferenced_within_used_rom,107992428,107992576,148,b0883db6a4d742caa0d111a0b067c4e966d09eab650e889b1836de04b259988f,ff
unreferenced_within_used_rom,108076900,108077056,156,6f50d0f89132d69cb99f926cddf858120dcc4f1189a03452a79a6f1a6fef330a,ff
unreferenced_within_used_rom,110561536,110561792,256,3d6876a0146de8576eb2395a858de1213d1b92c65b779df3a331cfd5a4584546,ff
unreferenced_within_used_rom,110641228,110641664,436,c577d543ef7c1615afd34449fda585dc345ad1465d67b331eaa41c4c30945255,ff
unreferenced_within_used_rom,110659912,110660096,184,ba151f705f188cd9fcab95d6d24c0da135a4f334778b139684f38b8b4fbe728f,ff
unreferenced_within_used_rom,110795820,110796288,468,72ea1f236b489fb91b63f41859d566d5f05c463fff88b1ddfe13ca5a585e353a,ff
unreferenced_within_used_rom,110817728,110817792,64,8667e718294e9e0df1d30600ba3eeb201f764aad2dad72748643e4a285e1d1f7,ff
unreferenced_within_used_rom,110823160,110823424,264,ef80b44e7003269816c72d6b2025b548499fd6b93c848906824a1a245b350c70,ff
unreferenced_within_used_rom,110827692,110828032,340,cb9c3eae31ea3b5ebf14eee1fcf3522df1441095c4605ad670a4daa3e3d05984,ff
unreferenced_within_used_rom,110859812,110860288,476,6014b202385aa136291df620d3de009e948cc020d4e215784a34aebb58b3d855,ff
unreferenced_within_used_rom,110866820,110866944,124,49400dd2502410d5b6c7222a4261c8dbfa17c8b96b1faf91df4f586761841d76,ff
unreferenced_within_used_rom,110869228,110869504,276,74e91c3d013885cbf7a6de3e5fd0fb1647795a99f24303973515ea71e3289491,ff
unreferenced_within_used_rom,110875216,110875648,432,23b08da305801e86e6ab7dd7d5c7d7fb8ad2a6218aa08f42daef1652fe65e872,ff
unreferenced_within_used_rom,111414632,111414784,152,98a1a382b32ccf7bc6d87cda8c196485641b07ee46a1b1d3748788e197fe985b,ff
unreferenced_within_used_rom,111417424,111417856,432,23b08da305801e86e6ab7dd7d5c7d7fb8ad2a6218aa08f42daef1652fe65e872,ff
unreferenced_within_used_rom,111419508,111419904,396,481ac674a6d701121f3a00411c9d9d4ce20a5fb1a0c7fcccc22d020493dc261a,ff
unreferenced_within_used_rom,111424252,111424512,260,7c9a3b8c0380189cccdc5a5db9a3c224f08b92bbda2a2894698e20f2968a4adf,ff
unreferenced_within_used_rom,111429288,111429632,344,3037f064706622ffeb6597ff97546c1192c6adcddfefb0c8cb71c4b2de4f7ddd,ff
unreferenced_within_used_rom,111430932,111431168,236,d0e58b2b56b917140512e75422d45520ce2881d70b6b5bd52c46f8c40a62a535,ff
unreferenced_within_used_rom,111833288,111833600,312,26e1989c6b3b3e1b905dcc17405a2767a1a3ebbb76b26ae3ac6b16bfd61c031c,ff
unreferenced_within_used_rom,112028480,112028672,192,8f62c344eff1568474fb693b8c18526629db443b9653a84264189c97693605de,ff
unreferenced_within_used_rom,112043156,112043520,364,9022bdd06c8eb4395f9b070b3b1d9e3c4d0e737da54c52267a846aa92eacf847,ff
unreferenced_within_used_rom,112117928,112118272,344,3037f064706622ffeb6597ff97546c1192c6adcddfefb0c8cb71c4b2de4f7ddd,ff
unreferenced_within_used_rom,112223860,112224256,396,481ac674a6d701121f3a00411c9d9d4ce20a5fb1a0c7fcccc22d020493dc261a,ff
unreferenced_within_used_rom,112864380,112864768,388,a58ff1884b746a032b6ec99f459b509b968499263f1b8a35c40bef524aec7be5,ff
unreferenced_within_used_rom,112996420,112996864,444,eeca29ad5a2734765a695ea6f30c8aa13ba52ff0c26105a2016e61adf4de5b65,ff
unreferenced_within_used_rom,113756704,113757184,480,bf9b62d4418d862aa0826a28a846948151da66b8042967382ca6bfd6d7d1cdb2,ff
unreferenced_within_used_rom,113760532,113760768,236,d0e58b2b56b917140512e75422d45520ce2881d70b6b5bd52c46f8c40a62a535,ff
unreferenced_within_used_rom,113780268,113780736,468,72ea1f236b489fb91b63f41859d566d5f05c463fff88b1ddfe13ca5a585e353a,ff
unreferenced_within_used_rom,115229792,115230208,416,9021f9b42681058b179c190ba727a5422fc558feb2d33a9c9c5874682738a824,ff
unreferenced_within_used_rom,115230691,115230720,29,6a99cf1e02ff68b7972440d13ec3038fcd79c6546e7533e67412a79b3ee4ab72,ff
unreferenced_within_used_rom,115256824,115256832,8,12a3ae445661ce5dee78d0650d33362dec29c4f82af05e7e57fb595bbbacf0ca,ff
unreferenced_within_used_rom,115296940,115297280,340,cb9c3eae31ea3b5ebf14eee1fcf3522df1441095c4605ad670a4daa3e3d05984,ff
unreferenced_within_used_rom,115322692,115322880,188,129a47b49a3e1a06af4cc9cab579d3a6a6c7f6ab5a17a3f75dd1b09eb9be85e1,ff
unreferenced_within_used_rom,115900656,115900928,272,f493acc6d716b7843d52ecef8643ef79bac85f84dd8851de91627c38dc4f7e41,ff
unreferenced_within_used_rom,115914820,115915264,444,eeca29ad5a2734765a695ea6f30c8aa13ba52ff0c26105a2016e61adf4de5b65,ff
unreferenced_within_used_rom,115916312,115916800,488,3832cbd77b14dad756b4023ff2d1c056c45c5402bb2682353f45de66cb5278a7,ff
unreferenced_within_used_rom,116043952,116044288,336,77071fc978963dce5058c795643c95c195d0d2506c5f02ff38c09e4c8d6ec517,ff
unreferenced_within_used_rom,123529056,123529216,160,0052516839b94ee314a4e3b398c8036de3790d672194987a394ee60323848539,ff
unreferenced_within_used_rom,123540572,123540992,420,b449e6715cd9f24c641fd6d991ae5c12cf02d7d85c4aad2af4d9c2d9c03f1ab0,ff
unreferenced_within_used_rom,123576036,123576320,284,6627ad360744b02badddc8173e9b995053da0014db8f5a7511467704235828a3,ff
unreferenced_within_used_rom,123635788,123636224,436,c577d543ef7c1615afd34449fda585dc345ad1465d67b331eaa41c4c30945255,ff
unreferenced_within_used_rom,123709760,123709952,192,8f62c344eff1568474fb693b8c18526629db443b9653a84264189c97693605de,ff
trailing_after_used_rom,124639804,134217728,9577924,438f4b845d9edd2f096cd56dffdeb4034e212050927a2a71f99e37a6fb77d318,ff
